Арт. 6473905,https://sadovod24.ru/upload/iblock/1c4/hJBbaMg_arzbnpye.jpg,1750,"['44', '46', '48', '50']",https://sadovod24.ru//zhenshchinam_uXj/odezhda_Me2/6473905/
Арт. 6473901,https://sadovod24.ru/upload/iblock/822/gytkHRe5bd6wo2hqm.jpg,350,"['50', '52', '54', '56', '58', '60']",https://sadovod24.ru//zhenshchinam_uXj/odezhda_Me2/6473901/
Арт. 6473899,https://sadovod24.ru/upload/iblock/c83/xosLAMo46kn5wvwuk.jpg,350,"['46', '48', '50', '52', '54']",https://sadovod24.ru//zhenshchinam_uXj/odezhda_Me2/6473899/
Арт. 6473898,https://sadovod24.ru/upload/iblock/697/B6DBy8p2todhuc260.jpg,300,"['54', '56', '58', '60', '62', '64']",https://sadovod24.ru//zhenshchinam_uXj/odezhda_Me2/6473898/
Арт. 6473897,https://sadovod24.ru/upload/iblock/2e4/kpEeW02un7ei0r7no.jpg,2400,"['42', '44', '46', '48']",https://sadovod24.ru//zhenshchinam_uXj/odezhda_Me2/6473897/
Арт. 6473896,https://sadovod24.ru/upload/iblock/d2c/qwZTkBe1kf1taiy5g.jpg,650,"['42', '44', '46', '48']",https://sadovod24.ru//zhenshchinam_uXj/odezhda_Me2/6473896/
Арт. 6473895,https://sadovod24.ru/upload/iblock/858/8q2pE9ab0dgluv6ly.jpg,2050,"['42', '44', '46']",https://sadovod24.ru//zhenshchinam_uXj/odezhda_Me2/6473895/
Арт. 6473894,https://sadovod24.ru/upload/iblock/fe6/y8bKPPshgu3s0npny.jpg,2200,"['42', '44', '46']",https://sadovod24.ru//zhenshchinam_uXj/odezhda_Me2/6473894/
Арт. 6473893,https://sadovod24.ru/upload/iblock/4f1/L73iuVkviqgfcghe4.jpg,9900,"['42', '44', '46', '48']",https://sadovod24.ru//zhenshchinam_uXj/odezhda_Me2/6473893/
Арт. 6473892,https://sadovod24.ru/upload/iblock/fbc/z6jJuGcd7m1_mtkta.jpg,450,"['48', '50', '52', '54', '56', '58', '60']",https://sadovod24.ru//zhenshchinam_uXj/odezhda_Me2/6473892/
Арт. 6473891,https://sadovod24.ru/upload/iblock/7c0/EPtjm4jfdxlqquk6q.jpg,550,"['42', '44', '46', '48', '50', '52']",https://sadovod24.ru//zhenshchinam_uXj/odezhda_Me2/6473891/
Арт. 6473866,https://sadovod24.ru/upload/iblock/326/LHZzXu1bv1lbk2iro.jpg,900,"['42', '44', '46', '48']",https://sadovod24.ru//zhenshchinam_uXj/odezhda_Me2/6473866/
Арт. 6473865,https://sadovod24.ru/upload/iblock/f30/aYV43d7hffqslpfco.jpg,150,"['40', '42', '44', '46', '48', '50']",https://sadovod24.ru//zhenshchinam_uXj/odezhda_Me2/6473865/
Арт. 6473864,https://sadovod24.ru/upload/iblock/b16/ngJBOEq_w8w188sss.jpg,550,[],https://sadovod24.ru//zhenshchinam_uXj/odezhda_Me2/6473864/
Арт. 6473863,https://sadovod24.ru/upload/iblock/ba2/KyTAccxnbl7xofnjq.jpg,1100,"['56', '58', '60']",https://sadovod24.ru//zhenshchinam_uXj/odezhda_Me2/6473863/
Арт. 6473861,https://sadovod24.ru/upload/iblock/e03/zHbhb2jf1zdyfzqik.jpg,7000,"['42', '44', '46', '48']",https://sadovod24.ru//zhenshchinam_uXj/odezhda_Me2/6473861/
Арт. 6473860,https://sadovod24.ru/upload/iblock/682/NMMsBzqgun6i6vhty.jpg,7500,"['42', '44', '46', '48']",https://sadovod24.ru//zhenshchinam_uXj/odezhda_Me2/6473860/
Арт. 6473859,https://sadovod24.ru/upload/iblock/0e6/e6jbIyj_fxop318zs.jpg,4000,"['40', '42', '44', '46', '48']",https://sadovod24.ru//zhenshchinam_uXj/odezhda_Me2/6473859/
Арт. 6473858,https://sadovod24.ru/upload/iblock/a92/zc6aWBofjr1mcesgs.jpg,7000,"['48', '50', '52', '54', '56']",https://sadovod24.ru//zhenshchinam_uXj/odezhda_Me2/6473858/
Арт. 6473857,https://sadovod24.ru/upload/iblock/b95/edvvtyt3mks7f_qgq.jpg,7500,"['44', '46', '48', '50', '52', '54']",https://sadovod24.ru//zhenshchinam_uXj/odezhda_Me2/6473857/
Арт. 6473856,https://sadovod24.ru/upload/iblock/2e8/wHwfLrx0j2vllhjfu.jpg,7000,"['42', '44', '46', '48']",https://sadovod24.ru//zhenshchinam_uXj/odezhda_Me2/6473856/
Арт. 6473855,https://sadovod24.ru/upload/iblock/ec9/GLfui134qaxdpamdu.jpg,7500,"['40', '42', '44', '46', '48']",https://sadovod24.ru//zhenshchinam_uXj/odezhda_Me2/6473855/
Арт. 6473854,https://sadovod24.ru/upload/iblock/c03/Hnve4Qeazcpxel2o0.jpg,7000,"['42', '44', '46', '48']",https://sadovod24.ru//zhenshchinam_uXj/odezhda_Me2/6473854/
Арт. 6473853,https://sadovod24.ru/upload/iblock/bd9/P1LJ0msixtpwzf4kw.jpg,7000,"['42', '44', '46', '48']",https://sadovod24.ru//zhenshchinam_uXj/odezhda_Me2/6473853/
Арт. 6473852,https://sadovod24.ru/upload/iblock/74b/0mvLd9b1rxdzmj_km.jpg,7500,"['42', '44', '46', '48']",https://sadovod24.ru//zhenshchinam_uXj/odezhda_Me2/6473852/
Арт. 6473851,https://sadovod24.ru/upload/iblock/cb3/yXHH4Vd_tyd5pc3yo.jpg,8000,"['50', '52', '54', '56', '58']",https://sadovod24.ru//zhenshchinam_uXj/odezhda_Me2/6473851/
Арт. 6473850,https://sadovod24.ru/upload/iblock/94c/drM1b5rpaqxsrsxxa.jpg,7500,"['40', '42', '44', '46', '48']",https://sadovod24.ru//zhenshchinam_uXj/odezhda_Me2/6473850/
Арт. 6473849,https://sadovod24.ru/upload/iblock/aa7/wETYz076csgvcwdla.jpg,7500,"['48', '50', '52', '54', '56']",https://sadovod24.ru//zhenshchinam_uXj/odezhda_Me2/6473849/
Арт. 6473848,https://sadovod24.ru/upload/iblock/d99/yrQSnwj5etyfwoxsy.jpg,300,"['48', '50', '52']",https://sadovod24.ru//zhenshchinam_uXj/odezhda_Me2/6473848/
Арт. 6473847,https://sadovod24.ru/upload/iblock/0be/CsZ7D01j_9kxzhr_e.jpg,400,"['42', '44', '46', '48']",https://sadovod24.ru//zhenshchinam_uXj/odezhda_Me2/6473847/
Арт. 6473846,https://sadovod24.ru/upload/iblock/3c5/osekCU6ec_ucy3ibg.jpg,1900,"['48', '50', '52', '54', '56', '58', '60']",https://sadovod24.ru//zhenshchinam_uXj/odezhda_Me2/6473846/
Арт. 6473845,https://sadovod24.ru/upload/iblock/8c5/PSElmdzkw2za9refy.jpg,1400,"['42', '44', '46', '48', '50', '52']",https://sadovod24.ru//zhenshchinam_uXj/odezhda_Me2/6473845/
Арт. 6473844,https://sadovod24.ru/upload/iblock/a04/3qsIyExywalm9piw8.jpg,1900,"['48', '50', '52', '54', '56', '58', '60']",https://sadovod24.ru//zhenshchinam_uXj/odezhda_Me2/6473844/
Арт. 6473843,https://sadovod24.ru/upload/iblock/db4/T6bM3gev_ziwueyme.jpg,499,"['52', '54', '56', '58']",https://sadovod24.ru//zhenshchinam_uXj/odezhda_Me2/6473843/
Арт. 6473842,https://sadovod24.ru/upload/iblock/541/Kzuwlahf1vz9c6zda.jpg,700,"['44', '46', '48', '50', '52', '54']",https://sadovod24.ru//zhenshchinam_uXj/odezhda_Me2/6473842/
Арт. 6473841,https://sadovod24.ru/upload/iblock/95b/R2CEWl3tsvkjzj9yk.jpg,400,"['50', '52', '54', '56', '58', '60']",https://sadovod24.ru//zhenshchinam_uXj/odezhda_Me2/6473841/
Арт. 6473838,https://sadovod24.ru/upload/iblock/2be/5oKjF5nmzudiyhnry.jpg,800,"['50', '52', '54', '56', '58', '60']",https://sadovod24.ru//zhenshchinam_uXj/odezhda_Me2/6473838/
Арт. 6473837,https://sadovod24.ru/upload/iblock/144/AhHZrg2ewfon6arrm.jpg,500,"['50', '52', '54', '56']",https://sadovod24.ru//zhenshchinam_uXj/odezhda_Me2/6473837/
Арт. 6473832,https://sadovod24.ru/upload/iblock/8da/jsn8Cpo3oesiaieui.jpg,600,"['48', '50', '52', '54']",https://sadovod24.ru//zhenshchinam_uXj/odezhda_Me2/6473832/
Арт. 6473831,https://sadovod24.ru/upload/iblock/6bd/hvuKQLxhysntsio6m.jpg,600,"['48', '50', '52', '54']",https://sadovod24.ru//zhenshchinam_uXj/odezhda_Me2/6473831/
Арт. 6473830,https://sadovod24.ru/upload/iblock/8c0/tuaEghbk8kerzq5fg.jpg,4200,[],https://sadovod24.ru//zhenshchinam_uXj/odezhda_Me2/6473830/
Арт. 6473829,https://sadovod24.ru/upload/iblock/291/lmDIDExfsvjpxmaak.jpg,2300,"['52', '54', '56', '58', '60']",https://sadovod24.ru//zhenshchinam_uXj/odezhda_Me2/6473829/
Арт. 6473828,https://sadovod24.ru/upload/iblock/def/7I4Y8Gexkd_i1vmvs.jpg,800,"['48', '50', '52', '54', '56', '58']",https://sadovod24.ru//zhenshchinam_uXj/odezhda_Me2/6473828/
Арт. 6473827,https://sadovod24.ru/upload/iblock/7e4/u9vFEhsierijacqag.jpg,800,"['48', '50', '52', '54', '56', '58']",https://sadovod24.ru//zhenshchinam_uXj/odezhda_Me2/6473827/
Арт. 6473826,https://sadovod24.ru/upload/iblock/8d1/hGtLdBsmhs7dy3yl0.jpg,550,"['48', '50', '52', '54', '56', '58']",https://sadovod24.ru//zhenshchinam_uXj/odezhda_Me2/6473826/
Арт. 6473825,https://sadovod24.ru/upload/iblock/81f/9NjmNsgwl7abynh2q.jpg,450,[],https://sadovod24.ru//zhenshchinam_uXj/odezhda_Me2/6473825/
Арт. 6473824,https://sadovod24.ru/upload/iblock/703/rbkxuF0r5cpw1mcws.jpg,500,[],https://sadovod24.ru//zhenshchinam_uXj/odezhda_Me2/6473824/
Арт. 6473823,https://sadovod24.ru/upload/iblock/2d7/a7vhJvw5pvnacchpe.jpg,650,"['50', '52', '54', '56', '58', '60']",https://sadovod24.ru//zhenshchinam_uXj/odezhda_Me2/6473823/
Арт. 6473822,https://sadovod24.ru/upload/iblock/1cf/c4OsSB2m_otrdhqfq.jpg,3500,"['50', '52', '54', '56', '58', '60']",https://sadovod24.ru//zhenshchinam_uXj/odezhda_Me2/6473822/
Арт. 6473810,https://sadovod24.ru/upload/iblock/51f/zh1yE8xickewnx1du.jpg,2400,[],https://sadovod24.ru//zhenshchinam_uXj/odezhda_Me2/6473810/
Арт. 6473808,https://sadovod24.ru/upload/iblock/a83/3KNiU8vfgs_m_ajk.jpg,450,"['42', '44', '46', '48']",https://sadovod24.ru//zhenshchinam_uXj/odezhda_Me2/6473808/
Арт. 6473807,https://sadovod24.ru/upload/iblock/433/IJ0JmZe_2jnzw3_ku.jpg,500,"['42', '44', '46', '48']",https://sadovod24.ru//zhenshchinam_uXj/odezhda_Me2/6473807/
Арт. 6473806,https://sadovod24.ru/upload/iblock/f70/MsePr0vmlgjj54l2y.jpg,300,[],https://sadovod24.ru//zhenshchinam_uXj/odezhda_Me2/6473806/
Арт. 6473805,https://sadovod24.ru/upload/iblock/a58/YWfJs2exwzf1xmwow.jpg,350,[],https://sadovod24.ru//zhenshchinam_uXj/odezhda_Me2/6473805/
Арт. 6473804,https://sadovod24.ru/upload/iblock/6cd/GfVBdUnpd1iizbrww.jpg,350,[],https://sadovod24.ru//zhenshchinam_uXj/odezhda_Me2/6473804/
Арт. 6473803,https://sadovod24.ru/upload/iblock/658/KisdgGalhbvrfirvm.jpg,350,[],https://sadovod24.ru//zhenshchinam_uXj/odezhda_Me2/6473803/
Арт. 6473802,https://sadovod24.ru/upload/iblock/1bb/yFD6jPrue8xyalqao.jpg,300,[],https://sadovod24.ru//zhenshchinam_uXj/odezhda_Me2/6473802/
Арт. 6473801,https://sadovod24.ru/upload/iblock/9a3/hsHapPlm3ahbndx1i.jpg,450,[],https://sadovod24.ru//zhenshchinam_uXj/odezhda_Me2/6473801/
Арт. 6473800,https://sadovod24.ru/upload/iblock/596/4DbL7rfiagy_puaow.jpg,150,[],https://sadovod24.ru//zhenshchinam_uXj/odezhda_Me2/6473800/
Арт. 6473799,https://sadovod24.ru/upload/iblock/a40/jdYI99gcueh_q2x_s.jpg,300,[],https://sadovod24.ru//zhenshchinam_uXj/odezhda_Me2/6473799/
Арт. 6475013,https://sadovod24.ru/upload/iblock/31c/X6rnUGtx44sb1e_qw.jpg,150,"['40', '42', '44', '46', '48', '50']",https://sadovod24.ru//zhenshchinam_uXj/odezhda_Me2/6475013/
Арт. 6475012,https://sadovod24.ru/upload/iblock/18d/2FUNQrlfk9dtrfpkq.jpg,550,"['60', '62', '64', '66', '68', '70']",https://sadovod24.ru//zhenshchinam_uXj/odezhda_Me2/6475012/
Арт. 6475011,https://sadovod24.ru/upload/iblock/094/AW2F6Oeklqf2w_sgc.jpg,500,"['50', '52', '54', '56', '58', '60']",https://sadovod24.ru//zhenshchinam_uXj/odezhda_Me2/6475011/
Арт. 6475010,https://sadovod24.ru/upload/iblock/db1/9Uu5abytugpgov3ym.jpg,450,"['48', '50', '52', '54', '56', '58', '60']",https://sadovod24.ru//zhenshchinam_uXj/odezhda_Me2/6475010/
Арт. 6475009,https://sadovod24.ru/upload/iblock/b4b/WhuCZjhdwqerfcify.jpg,500,"['48', '50', '52', '54', '56', '58', '60']",https://sadovod24.ru//zhenshchinam_uXj/odezhda_Me2/6475009/
Арт. 6475008,https://sadovod24.ru/upload/iblock/654/UIzmkTkonvlu5apng.jpg,550,"['46', '48', '50', '52', '54', '56', '58', '60']",https://sadovod24.ru//zhenshchinam_uXj/odezhda_Me2/6475008/
Арт. 6475007,https://sadovod24.ru/upload/iblock/0b0/trbQ9z1r8zm_pmvcs.jpg,450,"['50', '52', '54', '56', '58', '60', '62']",https://sadovod24.ru//zhenshchinam_uXj/odezhda_Me2/6475007/
Арт. 6475006,https://sadovod24.ru/upload/iblock/8b1/9FGuATam4e2lg0obo.jpg,200,"['42', '44', '46', '48', '50', '52', '54', '56']",https://sadovod24.ru//zhenshchinam_uXj/odezhda_Me2/6475006/
Арт. 6475005,https://sadovod24.ru/upload/iblock/4fb/NpHKght4hk_nwlbha.jpg,650,"['42', '43', '44']",https://sadovod24.ru//zhenshchinam_uXj/odezhda_Me2/odezhda_dlya_beremennykh_oFz/6475005/
Арт. 6475004,https://sadovod24.ru/upload/iblock/1e3/EVgStU6lzeeocfdjk.jpg,200,"['42', '44', '46', '48']",https://sadovod24.ru//zhenshchinam_uXj/odezhda_Me2/odezhda_dlya_beremennykh_oFz/6475004/
Арт. 6475003,https://sadovod24.ru/upload/iblock/c94/gPb41k0j1l82bh_la.jpg,700,"['42', '44', '46', '48']",https://sadovod24.ru//zhenshchinam_uXj/odezhda_Me2/odezhda_dlya_beremennykh_oFz/6475003/
Арт. 6475002,https://sadovod24.ru/upload/iblock/d05/gZHQlUtzmkhedctbg.jpg,700,"['42', '44', '46', '48']",https://sadovod24.ru//zhenshchinam_uXj/odezhda_Me2/odezhda_dlya_beremennykh_oFz/6475002/
Арт. 6475001,https://sadovod24.ru/upload/iblock/21f/42TMOLj6u_vmwt98a.jpg,700,"['42', '44', '46', '48']",https://sadovod24.ru//zhenshchinam_uXj/odezhda_Me2/odezhda_dlya_beremennykh_oFz/6475001/
Арт. 6475000,https://sadovod24.ru/upload/iblock/5bc/hBqfYAahqbbaeczvk.jpg,700,"['42', '44', '46', '48']",https://sadovod24.ru//zhenshchinam_uXj/odezhda_Me2/odezhda_dlya_beremennykh_oFz/6475000/
Арт. 6474977,https://sadovod24.ru/upload/iblock/4bc/rNUORadbsn2zs6lli.jpg,4,"['42', '44', '46', '48']",https://sadovod24.ru//zhenshchinam_uXj/odezhda_Me2/6474977/
Арт. 6474976,https://sadovod24.ru/upload/iblock/d3c/MCX2cqnh1cm9c39a.jpg,2300,"['42', '44', '46', '48']",https://sadovod24.ru//zhenshchinam_uXj/odezhda_Me2/6474976/
Арт. 6474975,https://sadovod24.ru/upload/iblock/b76/EVVvFhq0pkvpymbb0.jpg,4,"['42', '44', '46', '48']",https://sadovod24.ru//zhenshchinam_uXj/odezhda_Me2/6474975/
Арт. 6474974,https://sadovod24.ru/upload/iblock/7fc/kSjUqbzh_t7wnebei.jpg,500,"['42', '44', '46', '48']",https://sadovod24.ru//zhenshchinam_uXj/odezhda_Me2/6474974/
Арт. 6474973,https://sadovod24.ru/upload/iblock/9f5/lrFRBMzbaib2wohm4.jpg,600,"['52', '54', '56', '58']",https://sadovod24.ru//zhenshchinam_uXj/odezhda_Me2/6474973/
Арт. 6474972,https://sadovod24.ru/upload/iblock/472/Hla2lUfxw9tlotpze.jpg,500,"['46', '48', '50', '52']",https://sadovod24.ru//zhenshchinam_uXj/odezhda_Me2/6474972/
Арт. 6474971,https://sadovod24.ru/upload/iblock/54f/n19WO86rx1u8yg9ry.jpg,1200,[],https://sadovod24.ru//zhenshchinam_uXj/odezhda_Me2/6474971/
Арт. 6474888,https://sadovod24.ru/upload/iblock/1ae/vNh2feauylezbunee.jpg,750,"['50', '52', '54', '56', '58', '60']",https://sadovod24.ru//zhenshchinam_uXj/odezhda_Me2/6474888/
Арт. 6474887,https://sadovod24.ru/upload/iblock/9c2/8KW6M4vbau5ewoaf8.jpg,700,"['54', '56', '58', '60', '62', '64']",https://sadovod24.ru//zhenshchinam_uXj/odezhda_Me2/6474887/
Арт. 6474886,https://sadovod24.ru/upload/iblock/c3a/0UEM6i5e9jwhf3jj0.jpg,600,"['46', '48', '50', '52', '54', '56']",https://sadovod24.ru//zhenshchinam_uXj/odezhda_Me2/6474886/
Арт. 6474885,https://sadovod24.ru/upload/iblock/500/EzSNskawbzdgwz_ha.jpg,700,"['50', '52', '54', '56']",https://sadovod24.ru//zhenshchinam_uXj/odezhda_Me2/6474885/
Арт. 6474884,https://sadovod24.ru/upload/iblock/858/5qv2so0ivlpz7urvc.jpg,600,"['50', '52', '54', '56', '58', '60']",https://sadovod24.ru//zhenshchinam_uXj/odezhda_Me2/6474884/
Арт. 6474883,https://sadovod24.ru/upload/iblock/ff6/7INd3tbtemvnvsqoo.jpg,1000,"['46', '48', '50', '52', '54', '56']",https://sadovod24.ru//zhenshchinam_uXj/odezhda_Me2/6474883/
Арт. 6474882,https://sadovod24.ru/upload/iblock/951/MEduU85je0_99slck.jpg,650,"['44', '46', '48', '50', '52', '54']",https://sadovod24.ru//zhenshchinam_uXj/odezhda_Me2/6474882/
Арт. 6474881,https://sadovod24.ru/upload/iblock/102/pis1bQf_srrwyzb0u.jpg,700,"['52', '54', '56', '58', '60', '62']",https://sadovod24.ru//zhenshchinam_uXj/odezhda_Me2/6474881/
Арт. 6474880,https://sadovod24.ru/upload/iblock/bf2/TjLZVniwyfasgb1nk.jpg,500,"['46', '48', '50', '52', '54', '56']",https://sadovod24.ru//zhenshchinam_uXj/odezhda_Me2/6474880/
Арт. 6474879,https://sadovod24.ru/upload/iblock/ac8/F9qxhqqsgo1_ucpsk.jpg,400,"['48', '50', '52', '54', '56', '58', '60']",https://sadovod24.ru//zhenshchinam_uXj/odezhda_Me2/6474879/
Арт. 6474878,https://sadovod24.ru/upload/iblock/b92/LsurjCr5fwlrz_ppu.jpg,750,"['52', '54', '56', '58', '60', '62']",https://sadovod24.ru//zhenshchinam_uXj/odezhda_Me2/6474878/
Арт. 6474877,https://sadovod24.ru/upload/iblock/70d/KSzpQVf_ey1g5ipi.jpg,500,"['44', '46', '48', '50']",https://sadovod24.ru//zhenshchinam_uXj/odezhda_Me2/6474877/
Арт. 6474876,https://sadovod24.ru/upload/iblock/227/X8WHMZkntvsyiu1a0.jpg,800,"['52', '54', '56', '58', '60', '62']",https://sadovod24.ru//zhenshchinam_uXj/odezhda_Me2/6474876/
Арт. 6474875,https://sadovod24.ru/upload/iblock/5ca/UC0mYcbuvop8ih0s.jpg,600,"['50', '52', '54', '56', '58', '60']",https://sadovod24.ru//zhenshchinam_uXj/odezhda_Me2/6474875/
Арт. 6474874,https://sadovod24.ru/upload/iblock/e77/iZLhx0tbbt6igvwt4.jpg,300,"['42', '44', '46', '48']",https://sadovod24.ru//zhenshchinam_uXj/odezhda_Me2/6474874/
Арт. 6474873,https://sadovod24.ru/upload/iblock/9b8/oKRuZz6yq6ix_cl44.jpg,400,"['42', '44', '46', '48', '50', '52']",https://sadovod24.ru//zhenshchinam_uXj/odezhda_Me2/6474873/
Арт. 6474872,https://sadovod24.ru/upload/iblock/e31/zGvLkCjhzbfek30n4.jpg,700,"['52', '54', '56', '58', '60', '62']",https://sadovod24.ru//zhenshchinam_uXj/odezhda_Me2/6474872/
Арт. 6474871,https://sadovod24.ru/upload/iblock/530/HgTLn2rmrjrvnuwzw.jpg,7,"['44', '46', '48', '50', '52', '54']",https://sadovod24.ru//zhenshchinam_uXj/odezhda_Me2/6474871/
Арт. 6474870,https://sadovod24.ru/upload/iblock/ea7/2NQanVqurfkijiuwe.jpg,700,"['44', '46', '48', '50', '52', '54']",https://sadovod24.ru//zhenshchinam_uXj/odezhda_Me2/6474870/
Арт. 6474869,https://sadovod24.ru/upload/iblock/114/yH1Zlrdbuwrnr9rbs.jpg,850,"['42', '44', '46', '48']",https://sadovod24.ru//zhenshchinam_uXj/odezhda_Me2/6474869/
Арт. 6474868,https://sadovod24.ru/upload/iblock/2f9/RfPBtK2ttssl9oulu.jpg,700,"['48', '50', '52', '54', '56', '58']",https://sadovod24.ru//zhenshchinam_uXj/odezhda_Me2/6474868/
Арт. 6474867,https://sadovod24.ru/upload/iblock/f2c/GvOTyF9vxgklhzn0c.jpg,1499,"['48', '50', '52', '54', '56', '58']",https://sadovod24.ru//zhenshchinam_uXj/odezhda_Me2/6474867/
Арт. 6474866,https://sadovod24.ru/upload/iblock/b2c/OZcIy3ijpcr8rylzs.jpg,650,"['44', '46', '48', '50']",https://sadovod24.ru//zhenshchinam_uXj/odezhda_Me2/6474866/
Арт. 6474865,https://sadovod24.ru/upload/iblock/542/bkCAGfihf0pfnf8bg.jpg,500,[],https://sadovod24.ru//zhenshchinam_uXj/odezhda_Me2/6474865/
Майка   арт. 6474861,https://sadovod24.ru/upload/iblock/259/2o6OLrbwxojwerfsg.jpg,150,[],https://sadovod24.ru//zhenshchinam_uXj/odezhda_Me2/futbolki_mayki_i_topy_MvL/6474861/
Комплект   арт. 6474854,https://sadovod24.ru/upload/iblock/003/6ewCJ6rgmzoy0ye94.jpg,300,[],https://sadovod24.ru//zhenshchinam_uXj/odezhda_Me2/nizhnee_bele_kOG/komplekty_Br8/6474854/
Майка   арт. 6474851,https://sadovod24.ru/upload/iblock/7de/Fottyral7krkhj7m0.jpg,250,[],https://sadovod24.ru//zhenshchinam_uXj/odezhda_Me2/futbolki_mayki_i_topy_MvL/6474851/
Арт. 6474722,https://sadovod24.ru/upload/iblock/f18/BcALWxrvt17s_bz0y.jpg,1000,[],https://sadovod24.ru//zhenshchinam_uXj/odezhda_Me2/6474722/
Арт. 6474678,https://sadovod24.ru/upload/iblock/7fb/89w2laiq_glhrojzu.jpg,240,"['22', '11']",https://sadovod24.ru//zhenshchinam_uXj/odezhda_Me2/6474678/
Арт. 6474677,https://sadovod24.ru/upload/iblock/d97/wrxdLpb8r4mzxkg2w.jpg,300,"['42', '43', '44']",https://sadovod24.ru//zhenshchinam_uXj/odezhda_Me2/nizhnee_bele_kOG/6474677/
Арт. 6474676,https://sadovod24.ru/upload/iblock/7a8/Wn04Aydz38b9zkbxm.jpg,650,"['50', '52', '54', '56', '58']",https://sadovod24.ru//zhenshchinam_uXj/odezhda_Me2/nizhnee_bele_kOG/6474676/
Арт. 6474647,https://sadovod24.ru/upload/iblock/49f/lp3Zuuptwmby6v6hi.jpg,450,"['46', '48', '50', '52', '54', '56', '58', '60']",https://sadovod24.ru//zhenshchinam_uXj/odezhda_Me2/6474647/
Арт. 6474646,https://sadovod24.ru/upload/iblock/b98/z44qlsksg_8hxtmxy.jpg,400,"['50', '52', '54', '56']",https://sadovod24.ru//zhenshchinam_uXj/odezhda_Me2/6474646/
Арт. 6474641,https://sadovod24.ru/upload/iblock/c1f/oK01SUvthqwakf9ns.jpg,280,[],https://sadovod24.ru//zhenshchinam_uXj/odezhda_Me2/6474641/
Арт. 6474640,https://sadovod24.ru/upload/iblock/8e3/xH3ijOk3ntvltvemm.jpg,280,"['48', '50', '52', '54', '56', '58', '60']",https://sadovod24.ru//zhenshchinam_uXj/odezhda_Me2/6474640/
Арт. 6474639,https://sadovod24.ru/upload/iblock/f9c/2I6GgNdqicjy6dupo.jpg,550,"['42', '44', '46', '48']",https://sadovod24.ru//zhenshchinam_uXj/odezhda_Me2/6474639/
Арт. 6474638,https://sadovod24.ru/upload/iblock/69b/Q7bVy2le4fk3he4m0.jpg,400,"['44', '46', '48', '50', '52', '54', '56', '58', '60']",https://sadovod24.ru//zhenshchinam_uXj/odezhda_Me2/6474638/
Арт. 6474607,https://sadovod24.ru/upload/iblock/5fa/P4GvXf4xor2_sanwi.jpg,25013,[],https://sadovod24.ru//zhenshchinam_uXj/odezhda_Me2/6474607/
Арт. 6474606,https://sadovod24.ru/upload/iblock/0db/rHkogl2sd_8gcqbok.jpg,90,[],https://sadovod24.ru//zhenshchinam_uXj/odezhda_Me2/6474606/
Арт. 6474881,https://sadovod24.ru/upload/iblock/102/pis1bQf_srrwyzb0u.jpg,700,"['52', '54', '56', '58', '60', '62']",https://sadovod24.ru//zhenshchinam_uXj/odezhda_Me2/6474881/
Арт. 6474880,https://sadovod24.ru/upload/iblock/bf2/TjLZVniwyfasgb1nk.jpg,500,"['46', '48', '50', '52', '54', '56']",https://sadovod24.ru//zhenshchinam_uXj/odezhda_Me2/6474880/
Арт. 6474879,https://sadovod24.ru/upload/iblock/ac8/F9qxhqqsgo1_ucpsk.jpg,400,"['48', '50', '52', '54', '56', '58', '60']",https://sadovod24.ru//zhenshchinam_uXj/odezhda_Me2/6474879/
Арт. 6474878,https://sadovod24.ru/upload/iblock/b92/LsurjCr5fwlrz_ppu.jpg,750,"['52', '54', '56', '58', '60', '62']",https://sadovod24.ru//zhenshchinam_uXj/odezhda_Me2/6474878/
Арт. 6474877,https://sadovod24.ru/upload/iblock/70d/KSzpQVf_ey1g5ipi.jpg,500,"['44', '46', '48', '50']",https://sadovod24.ru//zhenshchinam_uXj/odezhda_Me2/6474877/
Арт. 6474876,https://sadovod24.ru/upload/iblock/227/X8WHMZkntvsyiu1a0.jpg,800,"['52', '54', '56', '58', '60', '62']",https://sadovod24.ru//zhenshchinam_uXj/odezhda_Me2/6474876/
Арт. 6474875,https://sadovod24.ru/upload/iblock/5ca/UC0mYcbuvop8ih0s.jpg,600,"['50', '52', '54', '56', '58', '60']",https://sadovod24.ru//zhenshchinam_uXj/odezhda_Me2/6474875/
Арт. 6474874,https://sadovod24.ru/upload/iblock/e77/iZLhx0tbbt6igvwt4.jpg,300,"['42', '44', '46', '48']",https://sadovod24.ru//zhenshchinam_uXj/odezhda_Me2/6474874/
Арт. 6474873,https://sadovod24.ru/upload/iblock/9b8/oKRuZz6yq6ix_cl44.jpg,400,"['42', '44', '46', '48', '50', '52']",https://sadovod24.ru//zhenshchinam_uXj/odezhda_Me2/6474873/
Арт. 6474872,https://sadovod24.ru/upload/iblock/e31/zGvLkCjhzbfek30n4.jpg,700,"['52', '54', '56', '58', '60', '62']",https://sadovod24.ru//zhenshchinam_uXj/odezhda_Me2/6474872/
Арт. 6474871,https://sadovod24.ru/upload/iblock/530/HgTLn2rmrjrvnuwzw.jpg,7,"['44', '46', '48', '50', '52', '54']",https://sadovod24.ru//zhenshchinam_uXj/odezhda_Me2/6474871/
Арт. 6474870,https://sadovod24.ru/upload/iblock/ea7/2NQanVqurfkijiuwe.jpg,700,"['44', '46', '48', '50', '52', '54']",https://sadovod24.ru//zhenshchinam_uXj/odezhda_Me2/6474870/
Арт. 6474869,https://sadovod24.ru/upload/iblock/114/yH1Zlrdbuwrnr9rbs.jpg,850,"['42', '44', '46', '48']",https://sadovod24.ru//zhenshchinam_uXj/odezhda_Me2/6474869/
Арт. 6474868,https://sadovod24.ru/upload/iblock/2f9/RfPBtK2ttssl9oulu.jpg,700,"['48', '50', '52', '54', '56', '58']",https://sadovod24.ru//zhenshchinam_uXj/odezhda_Me2/6474868/
Арт. 6474867,https://sadovod24.ru/upload/iblock/f2c/GvOTyF9vxgklhzn0c.jpg,1499,"['48', '50', '52', '54', '56', '58']",https://sadovod24.ru//zhenshchinam_uXj/odezhda_Me2/6474867/
Арт. 6474866,https://sadovod24.ru/upload/iblock/b2c/OZcIy3ijpcr8rylzs.jpg,650,"['44', '46', '48', '50']",https://sadovod24.ru//zhenshchinam_uXj/odezhda_Me2/6474866/
Арт. 6474865,https://sadovod24.ru/upload/iblock/542/bkCAGfihf0pfnf8bg.jpg,500,[],https://sadovod24.ru//zhenshchinam_uXj/odezhda_Me2/6474865/
Майка   арт. 6474861,https://sadovod24.ru/upload/iblock/259/2o6OLrbwxojwerfsg.jpg,150,[],https://sadovod24.ru//zhenshchinam_uXj/odezhda_Me2/futbolki_mayki_i_topy_MvL/6474861/
Комплект   арт. 6474854,https://sadovod24.ru/upload/iblock/003/6ewCJ6rgmzoy0ye94.jpg,300,[],https://sadovod24.ru//zhenshchinam_uXj/odezhda_Me2/nizhnee_bele_kOG/komplekty_Br8/6474854/
Майка   арт. 6474851,https://sadovod24.ru/upload/iblock/7de/Fottyral7krkhj7m0.jpg,250,[],https://sadovod24.ru//zhenshchinam_uXj/odezhda_Me2/futbolki_mayki_i_topy_MvL/6474851/
Арт. 6474722,https://sadovod24.ru/upload/iblock/f18/BcALWxrvt17s_bz0y.jpg,1000,[],https://sadovod24.ru//zhenshchinam_uXj/odezhda_Me2/6474722/
Арт. 6474678,https://sadovod24.ru/upload/iblock/7fb/89w2laiq_glhrojzu.jpg,240,"['22', '11']",https://sadovod24.ru//zhenshchinam_uXj/odezhda_Me2/6474678/
Арт. 6474677,https://sadovod24.ru/upload/iblock/d97/wrxdLpb8r4mzxkg2w.jpg,300,"['42', '43', '44']",https://sadovod24.ru//zhenshchinam_uXj/odezhda_Me2/nizhnee_bele_kOG/6474677/
Арт. 6474676,https://sadovod24.ru/upload/iblock/7a8/Wn04Aydz38b9zkbxm.jpg,650,"['50', '52', '54', '56', '58']",https://sadovod24.ru//zhenshchinam_uXj/odezhda_Me2/nizhnee_bele_kOG/6474676/
Арт. 6474647,https://sadovod24.ru/upload/iblock/49f/lp3Zuuptwmby6v6hi.jpg,450,"['46', '48', '50', '52', '54', '56', '58', '60']",https://sadovod24.ru//zhenshchinam_uXj/odezhda_Me2/6474647/
Арт. 6474646,https://sadovod24.ru/upload/iblock/b98/z44qlsksg_8hxtmxy.jpg,400,"['50', '52', '54', '56']",https://sadovod24.ru//zhenshchinam_uXj/odezhda_Me2/6474646/
Арт. 6474641,https://sadovod24.ru/upload/iblock/c1f/oK01SUvthqwakf9ns.jpg,280,[],https://sadovod24.ru//zhenshchinam_uXj/odezhda_Me2/6474641/
Арт. 6474640,https://sadovod24.ru/upload/iblock/8e3/xH3ijOk3ntvltvemm.jpg,280,"['48', '50', '52', '54', '56', '58', '60']",https://sadovod24.ru//zhenshchinam_uXj/odezhda_Me2/6474640/
Арт. 6474639,https://sadovod24.ru/upload/iblock/f9c/2I6GgNdqicjy6dupo.jpg,550,"['42', '44', '46', '48']",https://sadovod24.ru//zhenshchinam_uXj/odezhda_Me2/6474639/
Арт. 6474638,https://sadovod24.ru/upload/iblock/69b/Q7bVy2le4fk3he4m0.jpg,400,"['44', '46', '48', '50', '52', '54', '56', '58', '60']",https://sadovod24.ru//zhenshchinam_uXj/odezhda_Me2/6474638/
Арт. 6474607,https://sadovod24.ru/upload/iblock/5fa/P4GvXf4xor2_sanwi.jpg,25013,[],https://sadovod24.ru//zhenshchinam_uXj/odezhda_Me2/6474607/
Арт. 6474606,https://sadovod24.ru/upload/iblock/0db/rHkogl2sd_8gcqbok.jpg,90,[],https://sadovod24.ru//zhenshchinam_uXj/odezhda_Me2/6474606/
Арт. 6474601,https://sadovod24.ru/upload/iblock/dcd/AvT7mmw_pko9rcgjw.jpg,400,"['44', '46', '48', '50']",https://sadovod24.ru//zhenshchinam_uXj/odezhda_Me2/6474601/
Арт. 6474600,https://sadovod24.ru/upload/iblock/984/PON3RGeuzevt6rzce.jpg,450,"['75', '80', '85']",https://sadovod24.ru//zhenshchinam_uXj/odezhda_Me2/6474600/
Арт. 6474599,https://sadovod24.ru/upload/iblock/84e/q0v5BBb7c4sris3ys.jpg,550,[],https://sadovod24.ru//zhenshchinam_uXj/odezhda_Me2/6474599/
Арт. 6474598,https://sadovod24.ru/upload/iblock/954/CNs4D7g4mxwn2twzo.jpg,500,"['50', '52', '54', '56']",https://sadovod24.ru//zhenshchinam_uXj/odezhda_Me2/6474598/
Арт. 6474597,https://sadovod24.ru/upload/iblock/4d0/V2fJZWby7phgjhksm.jpg,850,"['42', '44', '46', '48']",https://sadovod24.ru//zhenshchinam_uXj/odezhda_Me2/6474597/
Арт. 6474596,https://sadovod24.ru/upload/iblock/586/J4cHgfqqg3xbi23um.jpg,800,"['48', '50', '52', '54', '56', '58', '800']",https://sadovod24.ru//zhenshchinam_uXj/odezhda_Me2/6474596/
Арт. 6474595,https://sadovod24.ru/upload/iblock/c73/yKJrlfdegxozd7t4q.jpg,102,"['50', '52', '54', '56']",https://sadovod24.ru//zhenshchinam_uXj/odezhda_Me2/6474595/
Арт. 6474590,https://sadovod24.ru/upload/iblock/942/neNadTpbuzigxivns.jpg,350,"['50', '52', '54', '56', '58', '60']",https://sadovod24.ru//zhenshchinam_uXj/odezhda_Me2/6474590/
Арт. 6474589,https://sadovod24.ru/upload/iblock/1fd/AANZuG3x7lfbofsc0.jpg,350,"['50', '52', '54', '56', '58', '60']",https://sadovod24.ru//zhenshchinam_uXj/odezhda_Me2/6474589/
Арт. 6474588,https://sadovod24.ru/upload/iblock/d3e/ee08qG9xhfxw3xvbm.jpg,400,"['50', '52', '54', '56', '58', '60']",https://sadovod24.ru//zhenshchinam_uXj/odezhda_Me2/6474588/
Арт. 6474587,https://sadovod24.ru/upload/iblock/8d1/N2Kx5bxgos7i970vm.jpg,500,"['50', '52', '54', '56']",https://sadovod24.ru//zhenshchinam_uXj/odezhda_Me2/6474587/
Арт. 6474586,https://sadovod24.ru/upload/iblock/315/mJCPYCut62eyzz9tw.jpg,700,"['50', '52', '54', '56', '58', '60']",https://sadovod24.ru//zhenshchinam_uXj/odezhda_Me2/6474586/
Арт. 6474585,https://sadovod24.ru/upload/iblock/195/997XLRtr7x0p0ygvy.jpg,350,"['42', '44', '46', '48']",https://sadovod24.ru//zhenshchinam_uXj/odezhda_Me2/6474585/
Арт. 6474584,https://sadovod24.ru/upload/iblock/6cb/tT4dATf1axzhkwxo.jpg,2300,"['42', '44', '46', '48']",https://sadovod24.ru//zhenshchinam_uXj/odezhda_Me2/6474584/
Арт. 6474583,https://sadovod24.ru/upload/iblock/608/Ik9RhZp4l68whrq6u.jpg,450,"['42', '44', '46', '48', '50']",https://sadovod24.ru//zhenshchinam_uXj/odezhda_Me2/6474583/
Арт. 6474582,https://sadovod24.ru/upload/iblock/6ad/qwwl2bwg44zjjpj8.jpg,450,"['42', '44', '46', '48', '50']",https://sadovod24.ru//zhenshchinam_uXj/odezhda_Me2/6474582/
Арт. 6474581,https://sadovod24.ru/upload/iblock/645/9lhvW1amiv1pdk8zk.jpg,350,[],https://sadovod24.ru//zhenshchinam_uXj/odezhda_Me2/6474581/
Арт. 6474580,https://sadovod24.ru/upload/iblock/943/q1ffFZqjqjc9ay_mm.jpg,450,"['42', '44', '46', '48', '50']",https://sadovod24.ru//zhenshchinam_uXj/odezhda_Me2/6474580/
Арт. 6474579,https://sadovod24.ru/upload/iblock/042/mwo60Qlvuczbgh7q4.jpg,600,"['31', '32', '33', '34', '35', '36']",https://sadovod24.ru//zhenshchinam_uXj/odezhda_Me2/6474579/
Арт. 6474565,https://sadovod24.ru/upload/iblock/80e/MCOwlm6aka3raxs7u.jpg,250,"['42', '44', '46', '48', '50', '52']",https://sadovod24.ru//zhenshchinam_uXj/odezhda_Me2/6474565/
Арт. 6474564,https://sadovod24.ru/upload/iblock/7f6/1PWpd4ix82w4rvs5i.jpg,220,"['48', '50', '52', '54', '56']",https://sadovod24.ru//zhenshchinam_uXj/odezhda_Me2/6474564/
Арт. 6474563,https://sadovod24.ru/upload/iblock/a6a/miIsBrgf2v701si6u.jpg,300,[],https://sadovod24.ru//zhenshchinam_uXj/odezhda_Me2/bryuki_dzhinsy_legginsy_Emm/6474563/
Арт. 6474562,https://sadovod24.ru/upload/iblock/902/Tj4Owfxgb4tiwwzig.jpg,300,[],https://sadovod24.ru//zhenshchinam_uXj/odezhda_Me2/bryuki_dzhinsy_legginsy_Emm/6474562/
Арт. 6474561,https://sadovod24.ru/upload/iblock/c82/59OneKqz_gfupljb8.jpg,499,"['54', '56', '58', '60', '62', '64']",https://sadovod24.ru//zhenshchinam_uXj/odezhda_Me2/6474561/
Арт. 6474560,https://sadovod24.ru/upload/iblock/795/W4usYZfd4nydlcnim.jpg,450,"['50', '52', '54', '56', '58', '60']",https://sadovod24.ru//zhenshchinam_uXj/odezhda_Me2/6474560/
Арт. 6474559,https://sadovod24.ru/upload/iblock/cfc/4BT4aKooo1iof_xgc.jpg,600,"['48', '50', '52', '54']",https://sadovod24.ru//zhenshchinam_uXj/odezhda_Me2/6474559/
Арт. 6474558,https://sadovod24.ru/upload/iblock/be4/ujfRGRk0osdtt1ydq.jpg,850,"['42', '44', '46', '48', '50']",https://sadovod24.ru//zhenshchinam_uXj/odezhda_Me2/6474558/
Арт. 6474557,https://sadovod24.ru/upload/iblock/de0/FpJ4JQ8nmneiogdrc.jpg,800,"['42', '44', '46', '48', '50']",https://sadovod24.ru//zhenshchinam_uXj/odezhda_Me2/6474557/
Арт. 6474471,https://sadovod24.ru/upload/iblock/f28/IUuxN6ksg_8hxtmxy.jpg,400,"['50', '52', '54', '56']",https://sadovod24.ru//zhenshchinam_uXj/odezhda_Me2/6474471/
Арт. 6474470,https://sadovod24.ru/upload/iblock/f06/VIxRqmfbsrvapct_w.jpg,300,[],https://sadovod24.ru//zhenshchinam_uXj/odezhda_Me2/6474470/
Арт. 6474440,https://sadovod24.ru/upload/iblock/fed/KPWRSv3av42qm8wmq.jpg,400,"['400', '42', '44', '46', '48', '50']",https://sadovod24.ru//zhenshchinam_uXj/odezhda_Me2/bryuki_dzhinsy_legginsy_Emm/6474440/
Арт. 6474439,https://sadovod24.ru/upload/iblock/7f1/qdiIIY01ycp0vjmge.jpg,200,"['200', '42', '44', '46', '48', '50']",https://sadovod24.ru//zhenshchinam_uXj/odezhda_Me2/bryuki_dzhinsy_legginsy_Emm/6474439/
Арт. 6474438,https://sadovod24.ru/upload/iblock/a56/2051Sitiabpkqu_ic.jpg,450,"['450', '40', '42', '44', '46', '48', '50']",https://sadovod24.ru//zhenshchinam_uXj/odezhda_Me2/bryuki_dzhinsy_legginsy_Emm/6474438/
Арт. 6474437,https://sadovod24.ru/upload/iblock/b9c/wtMy6k1qyuwkes4sa.jpg,300,[],https://sadovod24.ru//zhenshchinam_uXj/odezhda_Me2/bryuki_dzhinsy_legginsy_Emm/6474437/
Арт. 6474436,https://sadovod24.ru/upload/iblock/3c5/UNAftS9bpkrbpmae4.jpg,350,"['350', '50', '52', '54', '56', '58', '60']",https://sadovod24.ru//zhenshchinam_uXj/odezhda_Me2/bryuki_dzhinsy_legginsy_Emm/6474436/
Арт. 6474433,https://sadovod24.ru/upload/iblock/555/FtwaVyv8ok4cltkm.jpg,450,"['42', '44', '46', '48']",https://sadovod24.ru//zhenshchinam_uXj/odezhda_Me2/6474433/
Арт. 6474432,https://sadovod24.ru/upload/iblock/380/hemBvG2ksxkiskdnq.jpg,300,"['42', '44', '46', '48']",https://sadovod24.ru//zhenshchinam_uXj/odezhda_Me2/6474432/
Арт. 6474431,https://sadovod24.ru/upload/iblock/72d/wGNaZN9t1yvhpmsq8.jpg,350,"['86', '92', '98']",https://sadovod24.ru//zhenshchinam_uXj/odezhda_Me2/6474431/
Арт. 6474430,https://sadovod24.ru/upload/iblock/751/xuGym7jibdan_c0jc.jpg,200,[],https://sadovod24.ru//zhenshchinam_uXj/odezhda_Me2/6474430/
Пижама   арт. 6474429,https://sadovod24.ru/upload/iblock/ca0/zeBXJlghdkbd5k0dc.jpg,1100,"['46', '48', '50', '52', '54', '56', '58', '60']",https://sadovod24.ru//zhenshchinam_uXj/odezhda_Me2/domashnyaya_odezhda_FBP/pizhamy_vMs/6474429/
Арт. 6474427,https://sadovod24.ru/upload/iblock/50b/7bPD54zjeziok2750.jpg,112,"['24', '112']",https://sadovod24.ru//zhenshchinam_uXj/odezhda_Me2/6474427/
Арт. 6474414,https://sadovod24.ru/upload/iblock/e9d/Vmcqv38uj8yajrgbi.jpg,450,[],https://sadovod24.ru//zhenshchinam_uXj/odezhda_Me2/6474414/
Арт. 6474413,https://sadovod24.ru/upload/iblock/80f/oyEmkx7d5j_crqxbi.jpg,450,[],https://sadovod24.ru//zhenshchinam_uXj/odezhda_Me2/6474413/
Арт. 6474412,https://sadovod24.ru/upload/iblock/ebc/OAv2PVa2pfcs0cmak.jpg,200,"['52', '54', '56', '58', '60']",https://sadovod24.ru//zhenshchinam_uXj/odezhda_Me2/6474412/
Арт. 6474411,https://sadovod24.ru/upload/iblock/86a/KfEv0mrvvmnvlpllo.jpg,150,"['42', '44', '46', '48', '50']",https://sadovod24.ru//zhenshchinam_uXj/odezhda_Me2/6474411/
Арт. 6474410,https://sadovod24.ru/upload/iblock/4aa/hictzu3aclvsm8auu.jpg,500,[],https://sadovod24.ru//zhenshchinam_uXj/odezhda_Me2/6474410/
Арт. 6474409,https://sadovod24.ru/upload/iblock/e88/qaPFKun2vnyhjhcmm.jpg,800,"['42', '44', '46', '48']",https://sadovod24.ru//zhenshchinam_uXj/odezhda_Me2/6474409/
Арт. 6474408,https://sadovod24.ru/upload/iblock/6cd/6bQDqcxfaa3g_7g4g.jpg,800,"['42', '44', '46', '48']",https://sadovod24.ru//zhenshchinam_uXj/odezhda_Me2/6474408/
Арт. 6474407,https://sadovod24.ru/upload/iblock/ffd/alTzRgmkh9oqvrmok.jpg,400,"['50', '56', '58', '60']",https://sadovod24.ru//zhenshchinam_uXj/odezhda_Me2/6474407/
Арт. 6474406,https://sadovod24.ru/upload/iblock/b8c/1dPGWH1eoj2byig28.jpg,700,"['50', '52', '54', '56', '58', '60']",https://sadovod24.ru//zhenshchinam_uXj/odezhda_Me2/6474406/
Арт. 6474405,https://sadovod24.ru/upload/iblock/498/Cgh2laaglznek68z4.jpg,1000,"['50', '52', '54', '56', '58', '60']",https://sadovod24.ru//zhenshchinam_uXj/odezhda_Me2/6474405/
Арт. 6474404,https://sadovod24.ru/upload/iblock/828/muPhgfi_ftofjhi0.jpg,800,"['52', '54', '56', '58', '60', '62']",https://sadovod24.ru//zhenshchinam_uXj/odezhda_Me2/6474404/
Арт. 6474403,https://sadovod24.ru/upload/iblock/886/CaURWFtylbt8rfyk8.jpg,700,"['54', '56', '58', '60', '62', '64']",https://sadovod24.ru//zhenshchinam_uXj/odezhda_Me2/6474403/
Арт. 6474402,https://sadovod24.ru/upload/iblock/f03/XU9STtziedkklepjy.jpg,499,"['52', '54', '56', '58']",https://sadovod24.ru//zhenshchinam_uXj/odezhda_Me2/6474402/
Арт. 6474401,https://sadovod24.ru/upload/iblock/c2a/QvsUWbfow_js6yqf0.jpg,700,"['50', '52', '54', '56']",https://sadovod24.ru//zhenshchinam_uXj/odezhda_Me2/6474401/
Арт. 6474400,https://sadovod24.ru/upload/iblock/266/xHkudEzi_lg_bwtrw.jpg,550,"['50', '52', '54', '56', '58', '60']",https://sadovod24.ru//zhenshchinam_uXj/odezhda_Me2/6474400/
Арт. 6474399,https://sadovod24.ru/upload/iblock/955/3M4lFRzrzinzv3pbs.jpg,600,"['50', '52', '54', '56', '58', '60']",https://sadovod24.ru//zhenshchinam_uXj/odezhda_Me2/6474399/
Арт. 6474398,https://sadovod24.ru/upload/iblock/b6c/iecymw3icsyuwn1wm.jpg,1000,"['54', '56', '58', '60', '62', '64']",https://sadovod24.ru//zhenshchinam_uXj/odezhda_Me2/6474398/
Арт. 6474397,https://sadovod24.ru/upload/iblock/34a/GneKHgnrgwk9c8ofs.jpg,107,"['50', '52', '54', '56', '58', '60']",https://sadovod24.ru//zhenshchinam_uXj/odezhda_Me2/6474397/
Арт. 6474396,https://sadovod24.ru/upload/iblock/5a1/G1nA5bho1kx_i_0yq.jpg,1000,"['56', '58', '60', '62']",https://sadovod24.ru//zhenshchinam_uXj/odezhda_Me2/6474396/
Арт. 6474395,https://sadovod24.ru/upload/iblock/19f/nbesiEu2mbhojllu4.jpg,600,"['50', '52', '54', '56']",https://sadovod24.ru//zhenshchinam_uXj/odezhda_Me2/6474395/
Арт. 6474394,https://sadovod24.ru/upload/iblock/eb6/7RM1AQcxeu1osufji.jpg,700,"['52', '54', '56', '58', '60', '62']",https://sadovod24.ru//zhenshchinam_uXj/odezhda_Me2/6474394/
Арт. 6474393,https://sadovod24.ru/upload/iblock/ad8/VymxACmeiuqxtyagy.jpg,500,"['44', '46', '48', '50', '52', '54']",https://sadovod24.ru//zhenshchinam_uXj/odezhda_Me2/6474393/
Арт. 6474392,https://sadovod24.ru/upload/iblock/17b/EJ7HX51zckf1ngrwa.jpg,600,"['50', '52', '54', '56', '58', '60']",https://sadovod24.ru//zhenshchinam_uXj/odezhda_Me2/6474392/
Арт. 6474391,https://sadovod24.ru/upload/iblock/ea1/PmQlsA9lelgbx6xzq.jpg,700,"['52', '54', '56', '58', '60', '62']",https://sadovod24.ru//zhenshchinam_uXj/odezhda_Me2/6474391/
Арт. 6474390,https://sadovod24.ru/upload/iblock/d77/p2GdpMzh8yk9s3rzg.jpg,800,"['50', '52', '54', '56', '58', '60']",https://sadovod24.ru//zhenshchinam_uXj/odezhda_Me2/6474390/
Арт. 6474389,https://sadovod24.ru/upload/iblock/682/W5b9bbtru847bfw4y.jpg,500,"['50', '54', '58']",https://sadovod24.ru//zhenshchinam_uXj/odezhda_Me2/6474389/
Арт. 6474388,https://sadovod24.ru/upload/iblock/4a4/5qQKOVwd1hcepiy8a.jpg,900,"['50', '52', '54', '56']",https://sadovod24.ru//zhenshchinam_uXj/odezhda_Me2/6474388/
Арт. 6474387,https://sadovod24.ru/upload/iblock/6cc/R2fp3qm_0tnpxrrmw.jpg,400,"['44', '46', '48', '50', '52', '54']",https://sadovod24.ru//zhenshchinam_uXj/odezhda_Me2/6474387/
Арт. 6474386,https://sadovod24.ru/upload/iblock/b04/W9493K8uxk9fiv_ck.jpg,500,"['42', '44', '46', '48', '50', '52']",https://sadovod24.ru//zhenshchinam_uXj/odezhda_Me2/6474386/
Арт. 6474385,https://sadovod24.ru/upload/iblock/fcd/94LAbv7a9njajsuru.jpg,700,"['42', '44', '46', '48', '50', '52']",https://sadovod24.ru//zhenshchinam_uXj/odezhda_Me2/6474385/
Арт. 6474384,https://sadovod24.ru/upload/iblock/019/RmTnxek7e_tpfhxyo.jpg,650,"['50', '52', '54', '56']",https://sadovod24.ru//zhenshchinam_uXj/odezhda_Me2/6474384/
Арт. 6474383,https://sadovod24.ru/upload/iblock/671/axX0Vlztcxuhbfeka.jpg,600,"['54', '56', '58', '60']",https://sadovod24.ru//zhenshchinam_uXj/odezhda_Me2/6474383/
Арт. 6474382,https://sadovod24.ru/upload/iblock/1ec/NEhFKBtafjt6sbtqs.jpg,600,"['50', '52', '54', '56', '58', '60']",https://sadovod24.ru//zhenshchinam_uXj/odezhda_Me2/6474382/
Арт. 6474381,https://sadovod24.ru/upload/iblock/c42/Nn9pkfuhezxixqokk.jpg,700,"['48', '50', '52', '54', '56', '58']",https://sadovod24.ru//zhenshchinam_uXj/odezhda_Me2/6474381/
Арт. 6474380,https://sadovod24.ru/upload/iblock/295/pyGvzhe3l3wu_u9s.jpg,500,"['50', '52', '54', '56']",https://sadovod24.ru//zhenshchinam_uXj/odezhda_Me2/6474380/
Арт. 6474373,https://sadovod24.ru/upload/iblock/624/udoHR9bhs8uotpdzm.jpg,1100,"['46', '48', '50', '52', '54', '56', '58', '60']",https://sadovod24.ru//zhenshchinam_uXj/odezhda_Me2/6474373/
Арт. 6474360,https://sadovod24.ru/upload/iblock/c00/a24Rv0dwpurgvwmi8.jpg,400,"['44', '46', '48', '50', '52', '54']",https://sadovod24.ru//zhenshchinam_uXj/odezhda_Me2/6474360/
Арт. 6474357,https://sadovod24.ru/upload/iblock/104/y05t6nbs2jlw8gsxa.jpg,500,[],https://sadovod24.ru//zhenshchinam_uXj/odezhda_Me2/6474357/
Арт. 6474356,https://sadovod24.ru/upload/iblock/08a/ALBNohzm9sefqncio.jpg,400,"['42', '43', '44', '45', '46', '47', '48']",https://sadovod24.ru//zhenshchinam_uXj/odezhda_Me2/6474356/
Арт. 6474355,https://sadovod24.ru/upload/iblock/7e2/fdVDuIyt75erq2v4m.jpg,700,"['44', '46', '48', '50', '52']",https://sadovod24.ru//zhenshchinam_uXj/odezhda_Me2/6474355/
Арт. 6474340,https://sadovod24.ru/upload/iblock/0b9/jjpuJ2pqdnsu8236s.jpg,1000,"['42', '44', '46', '48']",https://sadovod24.ru//zhenshchinam_uXj/odezhda_Me2/6474340/
Арт. 6474339,https://sadovod24.ru/upload/iblock/f30/K184ARihetusvm658.jpg,700,"['52', '54', '56', '58', '60', '62']",https://sadovod24.ru//zhenshchinam_uXj/odezhda_Me2/6474339/
Арт. 6474338,https://sadovod24.ru/upload/iblock/a8d/iAoQtatanlttrmpj0.jpg,500,"['44', '46', '48', '50', '52', '54']",https://sadovod24.ru//zhenshchinam_uXj/odezhda_Me2/6474338/
Арт. 6474337,https://sadovod24.ru/upload/iblock/ee7/D42H0dt8gyxmde_8y.jpg,600,[],https://sadovod24.ru//zhenshchinam_uXj/odezhda_Me2/6474337/
Арт. 6474335,https://sadovod24.ru/upload/iblock/231/H6NwIvmu7uqyys7l0.jpg,350,"['54', '56', '58', '60']",https://sadovod24.ru//zhenshchinam_uXj/odezhda_Me2/6474335/
Арт. 6474334,https://sadovod24.ru/upload/iblock/6ab/IexVAFhf3gxi8a3e0.jpg,1200,"['44', '45', '46']",https://sadovod24.ru//zhenshchinam_uXj/odezhda_Me2/6474334/
Арт. 6474333,https://sadovod24.ru/upload/iblock/d09/QdtLhFnplvbvms0va.jpg,700,[],https://sadovod24.ru//zhenshchinam_uXj/odezhda_Me2/6474333/
Арт. 6474334,https://sadovod24.ru/upload/iblock/6ab/IexVAFhf3gxi8a3e0.jpg,1200,"['44', '45', '46']",https://sadovod24.ru//zhenshchinam_uXj/odezhda_Me2/6474334/
Арт. 6474333,https://sadovod24.ru/upload/iblock/d09/QdtLhFnplvbvms0va.jpg,700,[],https://sadovod24.ru//zhenshchinam_uXj/odezhda_Me2/6474333/
Арт. 6474332,https://sadovod24.ru/upload/iblock/3db/xLvfnXy0nfhhf6w44.jpg,1000,"['60', '62', '64', '66', '68', '70']",https://sadovod24.ru//zhenshchinam_uXj/odezhda_Me2/6474332/
Арт. 6474324,https://sadovod24.ru/upload/iblock/a63/41lP4fqsjtcmt5q7a.jpg,2400,"['2400', '8138']",https://sadovod24.ru//zhenshchinam_uXj/odezhda_Me2/6474324/
Арт. 6474323,https://sadovod24.ru/upload/iblock/156/dA62h3x9olz_lumeo.jpg,3500,"['3500', '8136']",https://sadovod24.ru//zhenshchinam_uXj/odezhda_Me2/6474323/
Арт. 6474322,https://sadovod24.ru/upload/iblock/dd0/fuonjLs6qhynf3dhy.jpg,600,"['44', '46', '48', '50', '52']",https://sadovod24.ru//zhenshchinam_uXj/odezhda_Me2/6474322/
Арт. 6474313,https://sadovod24.ru/upload/iblock/d97/0muFHFxgt0ldsjohi.jpg,600,"['42', '44', '46', '48']",https://sadovod24.ru//zhenshchinam_uXj/odezhda_Me2/6474313/
Арт. 6474312,https://sadovod24.ru/upload/iblock/56a/2gPRtlzmu3lxnfhjq.jpg,1300,[],https://sadovod24.ru//zhenshchinam_uXj/odezhda_Me2/6474312/
Арт. 6474311,https://sadovod24.ru/upload/iblock/114/at3k83o0tmo9mrb80.jpg,350,"['42', '43', '44', '45', '46', '47', '48']",https://sadovod24.ru//zhenshchinam_uXj/odezhda_Me2/6474311/
Арт. 6474310,https://sadovod24.ru/upload/iblock/efc/Qv5tVvytycc7iyplg.jpg,750,"['104', '110', '116', '122', '128']",https://sadovod24.ru//zhenshchinam_uXj/odezhda_Me2/6474310/
Юбка  арт. 6474309,https://sadovod24.ru/upload/iblock/456/9367713azqmsg7v1kq.jpg,900,"['42', '44', '46', '48', '50']",https://sadovod24.ru//zhenshchinam_uXj/odezhda_Me2/yubki_Gao/6474309/
Арт. 6474308,https://sadovod24.ru/upload/iblock/8d2/qnJaMudczakqby_m4.jpg,1900,"['48', '50', '52', '54', '56', '58', '60']",https://sadovod24.ru//zhenshchinam_uXj/odezhda_Me2/6474308/
Арт. 6474307,https://sadovod24.ru/upload/iblock/6a6/KRisXLco6ielbgpla.jpg,1400,"['42', '44', '46', '48', '50', '52']",https://sadovod24.ru//zhenshchinam_uXj/odezhda_Me2/6474307/
Арт. 6474306,https://sadovod24.ru/upload/iblock/4ef/SoVxsKba3engim7x4.jpg,1900,"['48', '50', '52', '54', '56', '58', '60']",https://sadovod24.ru//zhenshchinam_uXj/odezhda_Me2/6474306/
Арт. 6474305,https://sadovod24.ru/upload/iblock/348/Vtt8cdr7_zx4do51u.jpg,650,"['44', '46', '48', '50']",https://sadovod24.ru//zhenshchinam_uXj/odezhda_Me2/6474305/
Арт. 6474304,https://sadovod24.ru/upload/iblock/068/YkQkaawufd_uj2ia4.jpg,500,"['44', '46', '48', '50']",https://sadovod24.ru//zhenshchinam_uXj/odezhda_Me2/6474304/
Арт. 6474303,https://sadovod24.ru/upload/iblock/e32/72PbsUglc_kqoekoi.jpg,700,[],https://sadovod24.ru//zhenshchinam_uXj/odezhda_Me2/6474303/
Арт. 6474302,https://sadovod24.ru/upload/iblock/317/70wDCdwomrzanxs_0.jpg,600,"['42', '44', '46', '48']",https://sadovod24.ru//zhenshchinam_uXj/odezhda_Me2/6474302/
Арт. 6474301,https://sadovod24.ru/upload/iblock/aa5/cNjFGL34_ccjtsxhg.jpg,800,"['52', '54', '56', '58', '60']",https://sadovod24.ru//zhenshchinam_uXj/odezhda_Me2/6474301/
Арт. 6474300,https://sadovod24.ru/upload/iblock/dd4/Fisucthleky6ogju8.jpg,400,[],https://sadovod24.ru//zhenshchinam_uXj/odezhda_Me2/6474300/
Арт. 6474298,https://sadovod24.ru/upload/iblock/8b8/AbJmadslolf2kdxdg.jpg,700,"['50', '52', '54', '56', '58', '60']",https://sadovod24.ru//zhenshchinam_uXj/odezhda_Me2/6474298/
Арт. 6474271,https://sadovod24.ru/upload/iblock/48b/zLTeKCg5iqorv_4cc.jpg,700,"['52', '54', '56', '58', '60', '62']",https://sadovod24.ru//zhenshchinam_uXj/odezhda_Me2/6474271/
Арт. 6474270,https://sadovod24.ru/upload/iblock/ac6/8iTFXcdlioylhx3iq.jpg,750,[],https://sadovod24.ru//zhenshchinam_uXj/odezhda_Me2/6474270/
Арт. 6474269,https://sadovod24.ru/upload/iblock/eef/TKlSlfixf1ehvwe2c.jpg,800,"['54', '56', '58', '60', '62', '64']",https://sadovod24.ru//zhenshchinam_uXj/odezhda_Me2/6474269/
Арт. 6474267,https://sadovod24.ru/upload/iblock/329/0WKR9odpvoj_ih_jy.jpg,2500,[],https://sadovod24.ru//zhenshchinam_uXj/odezhda_Me2/6474267/
Арт. 6474266,https://sadovod24.ru/upload/iblock/7cd/odunECzxkedvr45sq.jpg,1800,[],https://sadovod24.ru//zhenshchinam_uXj/odezhda_Me2/6474266/
Арт. 6474265,https://sadovod24.ru/upload/iblock/b5d/vXjBInlghok64tud0.jpg,877,[],https://sadovod24.ru//zhenshchinam_uXj/odezhda_Me2/6474265/
Арт. 6474264,https://sadovod24.ru/upload/iblock/dcc/7Qydx5cnjtypyils.jpg,877,[],https://sadovod24.ru//zhenshchinam_uXj/odezhda_Me2/6474264/
Арт. 6474263,https://sadovod24.ru/upload/iblock/e8b/vR874azdyoue3xll8.jpg,877,[],https://sadovod24.ru//zhenshchinam_uXj/odezhda_Me2/6474263/
Арт. 6474262,https://sadovod24.ru/upload/iblock/be6/glZ6tTmgqsagy4cay.jpg,877,[],https://sadovod24.ru//zhenshchinam_uXj/odezhda_Me2/6474262/
Арт. 6474261,https://sadovod24.ru/upload/iblock/346/xFUiCd09ixp7qkxwo.jpg,877,[],https://sadovod24.ru//zhenshchinam_uXj/odezhda_Me2/6474261/
Арт. 6474260,https://sadovod24.ru/upload/iblock/da4/OcVxRxdhjzskmoxku.jpg,877,[],https://sadovod24.ru//zhenshchinam_uXj/odezhda_Me2/6474260/
Арт. 6474259,https://sadovod24.ru/upload/iblock/23d/V1DtUPh4gjbat4gx8.jpg,800,"['46', '48', '50', '52', '54', '56']",https://sadovod24.ru//zhenshchinam_uXj/odezhda_Me2/6474259/
Арт. 6474258,https://sadovod24.ru/upload/iblock/6c2/uO5I3ffalvfgub4tw.jpg,700,"['46', '48', '50', '52', '54', '56']",https://sadovod24.ru//zhenshchinam_uXj/odezhda_Me2/6474258/
Арт. 6474251,https://sadovod24.ru/upload/iblock/6e1/exU7lh9vxgklhzn0c.jpg,1499,"['48', '50', '52', '54', '56', '58']",https://sadovod24.ru//zhenshchinam_uXj/odezhda_Me2/6474251/
Арт. 6474250,https://sadovod24.ru/upload/iblock/fb9/XnjOgPuemt2szlvxs.jpg,400,"['42', '44', '46', '48', '50']",https://sadovod24.ru//zhenshchinam_uXj/odezhda_Me2/6474250/
Арт. 6474249,https://sadovod24.ru/upload/iblock/9ab/nHZEYZvurjpwa8g9k.jpg,600,"['50', '52', '54', '56', '58']",https://sadovod24.ru//zhenshchinam_uXj/odezhda_Me2/6474249/
Арт. 6474248,https://sadovod24.ru/upload/iblock/c29/cYvw0j4pei_ewwfw4.jpg,600,"['44', '46', '48', '50', '52']",https://sadovod24.ru//zhenshchinam_uXj/odezhda_Me2/6474248/
Арт. 6474247,https://sadovod24.ru/upload/iblock/3e7/ML9vuwylat3n3joc8.jpg,1700,"['60', '62', '64', '66', '68', '70']",https://sadovod24.ru//zhenshchinam_uXj/odezhda_Me2/6474247/
Арт. 6474246,https://sadovod24.ru/upload/iblock/edb/Suu6Yvoluytm_puws.jpg,1900,"['72', '74', '76', '78']",https://sadovod24.ru//zhenshchinam_uXj/odezhda_Me2/6474246/
Арт. 6474245,https://sadovod24.ru/upload/iblock/51e/MlRFtVnf_6ypqrpo8.jpg,1700,"['60', '62', '64', '66', '68', '70']",https://sadovod24.ru//zhenshchinam_uXj/odezhda_Me2/6474245/
Арт. 6474244,https://sadovod24.ru/upload/iblock/87d/GRuGpElegls_zsv_g.jpg,600,"['52', '54', '56', '58', '60', '62', '64', '66', '68', '70']",https://sadovod24.ru//zhenshchinam_uXj/odezhda_Me2/6474244/
Арт. 6474242,https://sadovod24.ru/upload/iblock/9b0/YKdDntui3bzx49euy.jpg,350,"['42', '44', '46', '48']",https://sadovod24.ru//zhenshchinam_uXj/odezhda_Me2/6474242/
Арт. 6474241,https://sadovod24.ru/upload/iblock/320/vBZRc7fsvlzbya57w.jpg,350,"['48', '50', '52', '54', '56', '58']",https://sadovod24.ru//zhenshchinam_uXj/odezhda_Me2/6474241/
Арт. 6474239,https://sadovod24.ru/upload/iblock/fa7/DBUAlJvqlg5l7enui.jpg,750,"['50', '52', '54', '56', '58', '60']",https://sadovod24.ru//zhenshchinam_uXj/odezhda_Me2/6474239/
Арт. 6474236,https://sadovod24.ru/upload/iblock/fd4/FvyZLFtztxula_o5q.jpg,1000,"['56', '58', '60', '62']",https://sadovod24.ru//zhenshchinam_uXj/odezhda_Me2/6474236/
Арт. 6474235,https://sadovod24.ru/upload/iblock/647/DdefV2ikl5huqgf_k.jpg,800,"['52', '54', '56', '58', '60', '62']",https://sadovod24.ru//zhenshchinam_uXj/odezhda_Me2/6474235/
Арт. 6474234,https://sadovod24.ru/upload/iblock/e83/TWpsPbcghiddzxkv8.jpg,1000,"['50', '52', '54', '56', '58', '60']",https://sadovod24.ru//zhenshchinam_uXj/odezhda_Me2/6474234/
Арт. 6474233,https://sadovod24.ru/upload/iblock/82c/0Ner9snfbvp7siq5i.jpg,900,"['52', '54', '56']",https://sadovod24.ru//zhenshchinam_uXj/odezhda_Me2/6474233/
Арт. 6474217,https://sadovod24.ru/upload/iblock/431/DMJWuvi_6dntgt9we.jpg,550,"['54', '56', '58', '60', '62', '64']",https://sadovod24.ru//zhenshchinam_uXj/odezhda_Me2/bryuki_dzhinsy_legginsy_Emm/6474217/
Арт. 6474216,https://sadovod24.ru/upload/iblock/a9b/orBU3qyl_rbu_ea3c.jpg,150,"['50', '52', '54', '56', '58', '60', '62', '64']",https://sadovod24.ru//zhenshchinam_uXj/odezhda_Me2/bryuki_dzhinsy_legginsy_Emm/6474216/
Арт. 6474215,https://sadovod24.ru/upload/iblock/ef2/pI2nAZv8ok4cltkm.jpg,450,"['42', '44', '46', '48']",https://sadovod24.ru//zhenshchinam_uXj/odezhda_Me2/6474215/
Арт. 6474203,https://sadovod24.ru/upload/iblock/4fd/DYNAJOb5klqxuuqxe.jpg,550,"['48', '50', '52', '54', '56', '58']",https://sadovod24.ru//zhenshchinam_uXj/odezhda_Me2/6474203/
Арт. 6474198,https://sadovod24.ru/upload/iblock/746/kJkxH2a5kuq_gpzlc.jpg,800,"['50', '52', '54', '56', '58', '60']",https://sadovod24.ru//zhenshchinam_uXj/odezhda_Me2/6474198/
Арт. 6474197,https://sadovod24.ru/upload/iblock/64c/OGpx0F8qgpc4oqrgg.jpg,700,"['44', '46', '48', '50', '52', '54']",https://sadovod24.ru//zhenshchinam_uXj/odezhda_Me2/6474197/
Арт. 6474196,https://sadovod24.ru/upload/iblock/658/bIMYL0eduerlscqxc.jpg,450,"['46', '48', '50', '52', '54', '56']",https://sadovod24.ru//zhenshchinam_uXj/odezhda_Me2/6474196/
Арт. 6474195,https://sadovod24.ru/upload/iblock/300/pN5UZEz403uzidoka.jpg,600,"['42', '44', '46', '48']",https://sadovod24.ru//zhenshchinam_uXj/odezhda_Me2/6474195/
Арт. 6474194,https://sadovod24.ru/upload/iblock/358/IPNBiizuxttkvw2qg.jpg,900,"['50', '52', '54', '56', '58', '60']",https://sadovod24.ru//zhenshchinam_uXj/odezhda_Me2/6474194/
Арт. 6474186,https://sadovod24.ru/upload/iblock/c8a/2oTa9ay8kewjnmpyk.jpg,400,"['42', '44', '46', '48', '50', '52']",https://sadovod24.ru//zhenshchinam_uXj/odezhda_Me2/6474186/
Арт. 6474185,https://sadovod24.ru/upload/iblock/4aa/XPifuXz8sklqk0lco.jpg,400,[],https://sadovod24.ru//zhenshchinam_uXj/odezhda_Me2/6474185/
Арт. 6474184,https://sadovod24.ru/upload/iblock/7a8/qQKIRYkkwfvzrxpja.jpg,300,"['50', '52', '54', '56']",https://sadovod24.ru//zhenshchinam_uXj/odezhda_Me2/6474184/
Арт. 6474181,https://sadovod24.ru/upload/iblock/ba2/QiTce4vvtnmc_bsba.jpg,400,[],https://sadovod24.ru//zhenshchinam_uXj/odezhda_Me2/nizhnee_bele_kOG/6474181/
Арт. 6474180,https://sadovod24.ru/upload/iblock/487/UCPU120hxcpxptato.jpg,400,"['42', '44', '46', '48']",https://sadovod24.ru//zhenshchinam_uXj/odezhda_Me2/6474180/
Арт. 6474179,https://sadovod24.ru/upload/iblock/ddf/xv6WhHzf34mvo8jr0.jpg,450,"['42', '44', '46', '48']",https://sadovod24.ru//zhenshchinam_uXj/odezhda_Me2/6474179/
Арт. 6474178,https://sadovod24.ru/upload/iblock/7bf/y4eAMfivdmxd_szmo.jpg,700,"['42', '44', '46', '48']",https://sadovod24.ru//zhenshchinam_uXj/odezhda_Me2/6474178/
Арт. 6474177,https://sadovod24.ru/upload/iblock/a19/0tkRg073_6fc5zwhw.jpg,500,[],https://sadovod24.ru//zhenshchinam_uXj/odezhda_Me2/6474177/
Арт. 6474174,https://sadovod24.ru/upload/iblock/fe4/6BJ2W6cmnrqca6kts.jpg,700,"['44', '46', '48', '50']",https://sadovod24.ru//zhenshchinam_uXj/odezhda_Me2/6474174/
Арт. 6474172,https://sadovod24.ru/upload/iblock/4a8/J8KUipppql0_h_mak.jpg,400,"['44', '46', '48', '50', '52', '54']",https://sadovod24.ru//zhenshchinam_uXj/odezhda_Me2/6474172/
Арт. 6474171,https://sadovod24.ru/upload/iblock/dad/OGodQzrmiypuccz3k.jpg,450,"['44', '46', '48', '50', '52', '54']",https://sadovod24.ru//zhenshchinam_uXj/odezhda_Me2/6474171/
Арт. 6474170,https://sadovod24.ru/upload/iblock/12e/Oicy2Xkdsdfvsvn1a.jpg,450,"['46', '48', '50', '52', '54', '56']",https://sadovod24.ru//zhenshchinam_uXj/odezhda_Me2/6474170/
Арт. 6474169,https://sadovod24.ru/upload/iblock/4e1/r2j4iz6ptpmf5i_a4.jpg,600,"['60', '62', '64', '66']",https://sadovod24.ru//zhenshchinam_uXj/odezhda_Me2/6474169/
Арт. 6474168,https://sadovod24.ru/upload/iblock/a15/gtmXuDxthocbizc_4.jpg,450,"['46', '48', '50', '52', '54', '56']",https://sadovod24.ru//zhenshchinam_uXj/odezhda_Me2/6474168/
Арт. 6474167,https://sadovod24.ru/upload/iblock/eff/cXoRO9borpg4cn6eo.jpg,450,"['46', '48', '50', '52', '54', '56']",https://sadovod24.ru//zhenshchinam_uXj/odezhda_Me2/6474167/
Арт. 6474166,https://sadovod24.ru/upload/iblock/3c4/7okCXKgb2gdd_4wb4.jpg,450,"['44', '46', '48', '50', '52', '54']",https://sadovod24.ru//zhenshchinam_uXj/odezhda_Me2/6474166/
Арт. 6474165,https://sadovod24.ru/upload/iblock/c1b/QNIC7Mihnthscbfsa.jpg,100,[],https://sadovod24.ru//zhenshchinam_uXj/odezhda_Me2/6474165/
Арт. 6474164,https://sadovod24.ru/upload/iblock/981/kDLHDFtv_4768xi1i.jpg,650,"['50', '52', '54', '56', '58', '60']",https://sadovod24.ru//zhenshchinam_uXj/odezhda_Me2/6474164/
Арт. 6474163,https://sadovod24.ru/upload/iblock/9ae/Kma5p8f8fpy6zms_y.jpg,700,"['44', '46', '48', '50']",https://sadovod24.ru//zhenshchinam_uXj/odezhda_Me2/6474163/
Арт. 6474162,https://sadovod24.ru/upload/iblock/413/7OQ3tmir4_3chapya.jpg,900,"['52', '54', '56']",https://sadovod24.ru//zhenshchinam_uXj/odezhda_Me2/6474162/
Арт. 6474159,https://sadovod24.ru/upload/iblock/ed3/iNmlq3ri73f8to6aa.jpg,550,"['40', '42', '44', '46', '48', '50', '52', '54', '56']",https://sadovod24.ru//zhenshchinam_uXj/odezhda_Me2/6474159/
Арт. 6474158,https://sadovod24.ru/upload/iblock/993/EXwByxh1yar5ki5mk.jpg,550,"['40', '42', '44', '46', '48', '50', '52', '54']",https://sadovod24.ru//zhenshchinam_uXj/odezhda_Me2/6474158/
Арт. 6474157,https://sadovod24.ru/upload/iblock/dd8/GaMSzagpz36vkyady.jpg,500,[],https://sadovod24.ru//zhenshchinam_uXj/odezhda_Me2/6474157/
Арт. 6474156,https://sadovod24.ru/upload/iblock/1b3/gZYuC0idgc805kubc.jpg,2000,"['42', '44', '46', '48', '36', '38', '40']",https://sadovod24.ru//zhenshchinam_uXj/odezhda_Me2/6474156/
Арт. 6474155,https://sadovod24.ru/upload/iblock/698/xAZpX1beivjk4egtq.jpg,1500,"['42', '44', '46', '48', '36', '38', '40']",https://sadovod24.ru//zhenshchinam_uXj/odezhda_Me2/6474155/
Арт. 6474151,https://sadovod24.ru/upload/iblock/5cd/2ochdSuxtkjk_fnjy.jpg,950,"['48', '50', '52', '54', '56']",https://sadovod24.ru//zhenshchinam_uXj/odezhda_Me2/6474151/
Арт. 6474150,https://sadovod24.ru/upload/iblock/e63/4IliUV5w0kc0wjsoe.jpg,450,[],https://sadovod24.ru//zhenshchinam_uXj/odezhda_Me2/6474150/
Арт. 6474148,https://sadovod24.ru/upload/iblock/685/CVPgqtjxu0drqsp60.jpg,3300,[],https://sadovod24.ru//zhenshchinam_uXj/odezhda_Me2/6474148/
Арт. 6474147,https://sadovod24.ru/upload/iblock/2f1/moI0eNe_hqrwd4kn8.jpg,1400,"['48', '50', '52']",https://sadovod24.ru//zhenshchinam_uXj/odezhda_Me2/6474147/
Арт. 6474131,https://sadovod24.ru/upload/iblock/7f6/22JrBPbay4icn0xi0.jpg,650,"['42', '44', '46', '48']",https://sadovod24.ru//zhenshchinam_uXj/odezhda_Me2/6474131/
Арт. 6474130,https://sadovod24.ru/upload/iblock/bf9/xiJKLfy_hvreubnmw.jpg,1000,[],https://sadovod24.ru//zhenshchinam_uXj/odezhda_Me2/6474130/
Арт. 6474129,https://sadovod24.ru/upload/iblock/eb8/YUHVue1j_3zcfmvha.jpg,2500,[],https://sadovod24.ru//zhenshchinam_uXj/odezhda_Me2/6474129/
Арт. 6474110,https://sadovod24.ru/upload/iblock/c3d/5yNWIfiud_9a5zdgy.jpg,800,"['48', '50', '52', '54', '56', '58', '800']",https://sadovod24.ru//zhenshchinam_uXj/odezhda_Me2/6474110/
Арт. 6474109,https://sadovod24.ru/upload/iblock/f71/sD4Gvg9hrwl8awsrg.jpg,450,"['46', '48', '50', '52', '54', '56']",https://sadovod24.ru//zhenshchinam_uXj/odezhda_Me2/6474109/
Арт. 6474108,https://sadovod24.ru/upload/iblock/16c/Wn8AD2jhulzn3ebzs.jpg,600,"['50', '52', '54', '56', '58', '60']",https://sadovod24.ru//zhenshchinam_uXj/odezhda_Me2/6474108/
Арт. 6474107,https://sadovod24.ru/upload/iblock/527/S7hU0Zo_uaxogfn4y.jpg,900,"['46', '48', '50', '52', '54', '56']",https://sadovod24.ru//zhenshchinam_uXj/odezhda_Me2/6474107/
Арт. 6474101,https://sadovod24.ru/upload/iblock/1c9/Hcvy3u0es1x_6fun8.jpg,1900,"['52', '54', '56', '58', '60']",https://sadovod24.ru//zhenshchinam_uXj/odezhda_Me2/6474101/
Арт. 6474100,https://sadovod24.ru/upload/iblock/2ab/h36vdkm_dja2kmdco.jpg,1700,"['42', '44', '46', '48', '50']",https://sadovod24.ru//zhenshchinam_uXj/odezhda_Me2/6474100/
Арт. 6474099,https://sadovod24.ru/upload/iblock/166/7RgDWisi4rkclj3rw.jpg,1900,"['52', '54', '56', '58', '60']",https://sadovod24.ru//zhenshchinam_uXj/odezhda_Me2/6474099/
Арт. 6474098,https://sadovod24.ru/upload/iblock/5cc/CpkYVDp19ncxfonga.jpg,1900,"['42', '44', '46', '48', '50']",https://sadovod24.ru//zhenshchinam_uXj/odezhda_Me2/6474098/
Арт. 6474097,https://sadovod24.ru/upload/iblock/780/Xt8yEGekzdqwzc1pu.jpg,400,"['50', '5254', '56', '58', '60', '62', '64']",https://sadovod24.ru//zhenshchinam_uXj/odezhda_Me2/6474097/
Арт. 6474094,https://sadovod24.ru/upload/iblock/b86/dtx2xw5t_njo_kuty.jpg,600,"['54', '56', '58', '60', '62', '64']",https://sadovod24.ru//zhenshchinam_uXj/odezhda_Me2/6474094/
Арт. 6474093,https://sadovod24.ru/upload/iblock/87e/o8lDD6zavbnm_mxvo.jpg,600,"['46', '48', '50', '52', '54', '56']",https://sadovod24.ru//zhenshchinam_uXj/odezhda_Me2/6474093/
Арт. 6474092,https://sadovod24.ru/upload/iblock/3e3/3e81kLbw1mfaxiry.jpg,1000,"['50', '52', '54', '56', '58', '60']",https://sadovod24.ru//zhenshchinam_uXj/odezhda_Me2/6474092/
Арт. 6474090,https://sadovod24.ru/upload/iblock/718/yDokoVqq0o_xz52hs.jpg,1100,"['42', '44', '46', '48', '50', '52', '54']",https://sadovod24.ru//zhenshchinam_uXj/odezhda_Me2/6474090/
Арт. 6474089,https://sadovod24.ru/upload/iblock/6d4/JYYoVXybilqkncekw.jpg,300,[],https://sadovod24.ru//zhenshchinam_uXj/odezhda_Me2/bryuki_dzhinsy_legginsy_Emm/6474089/
Арт. 6474088,https://sadovod24.ru/upload/iblock/9fe/8rowBbcvzktv0cseo.jpg,300,[],https://sadovod24.ru//zhenshchinam_uXj/odezhda_Me2/bryuki_dzhinsy_legginsy_Emm/6474088/
Арт. 6474087,https://sadovod24.ru/upload/iblock/2af/GgAgDHgpxem3zqk2u.jpg,450,[],https://sadovod24.ru//zhenshchinam_uXj/odezhda_Me2/bryuki_dzhinsy_legginsy_Emm/6474087/
Арт. 6474086,https://sadovod24.ru/upload/iblock/04d/fswrtf4ovxtutv62m.jpg,650,"['50', '52', '54', '56', '58', '60']",https://sadovod24.ru//zhenshchinam_uXj/odezhda_Me2/6474086/
Арт. 6474085,https://sadovod24.ru/upload/iblock/df5/ZDH3L1uzt2o5x3hcm.jpg,1750,[],https://sadovod24.ru//zhenshchinam_uXj/odezhda_Me2/6474085/
Арт. 6474084,https://sadovod24.ru/upload/iblock/f06/CJ0hq50ch8tkzpvjc.jpg,1750,[],https://sadovod24.ru//zhenshchinam_uXj/odezhda_Me2/6474084/
Арт. 6474083,https://sadovod24.ru/upload/iblock/05e/dqkchoztxnkw8hblo.jpg,550,"['46', '48', '50', '52']",https://sadovod24.ru//zhenshchinam_uXj/odezhda_Me2/6474083/
Арт. 6474082,https://sadovod24.ru/upload/iblock/e20/R1iPltj2lqjgag1gy.jpg,550,"['42', '44', '46', '48']",https://sadovod24.ru//zhenshchinam_uXj/odezhda_Me2/6474082/
Арт. 6474081,https://sadovod24.ru/upload/iblock/f2a/OejV0uu_b615njafc.jpg,550,[],https://sadovod24.ru//zhenshchinam_uXj/odezhda_Me2/6474081/
Арт. 6474076,https://sadovod24.ru/upload/iblock/7d8/XErDhAnioiyqvts8k.jpg,600,"['50', '52', '54', '56']",https://sadovod24.ru//zhenshchinam_uXj/odezhda_Me2/6474076/
Арт. 6474075,https://sadovod24.ru/upload/iblock/74b/ZgYQOm6aq0sct5qyo.jpg,1000,"['50', '52', '54', '56', '58', '60']",https://sadovod24.ru//zhenshchinam_uXj/odezhda_Me2/6474075/
Арт. 6474074,https://sadovod24.ru/upload/iblock/ec6/f3JDzUxggo82i8wlu.jpg,500,"['50', '54', '58']",https://sadovod24.ru//zhenshchinam_uXj/odezhda_Me2/6474074/
Арт. 6474073,https://sadovod24.ru/upload/iblock/6d0/WcZ4bpkh1bamxiyhe.jpg,700,"['52', '54', '56', '58', '60', '62']",https://sadovod24.ru//zhenshchinam_uXj/odezhda_Me2/6474073/
Арт. 6474072,https://sadovod24.ru/upload/iblock/c92/UTh9IYzvqqyf6qgz4.jpg,1000,"['50', '52', '54', '56']",https://sadovod24.ru//zhenshchinam_uXj/odezhda_Me2/6474072/
Арт. 6474071,https://sadovod24.ru/upload/iblock/85d/NzYpkg76pr6_zfub8.jpg,1000,"['50', '52', '54', '56', '58', '60']",https://sadovod24.ru//zhenshchinam_uXj/odezhda_Me2/6474071/
Арт. 6474070,https://sadovod24.ru/upload/iblock/bf5/26xcWZjxkvjy_j1ye.jpg,700,[],https://sadovod24.ru//zhenshchinam_uXj/odezhda_Me2/6474070/
Арт. 6474069,https://sadovod24.ru/upload/iblock/f85/MEqe1Nac36d7iakq4.jpg,1000,"['44', '46', '48', '50']",https://sadovod24.ru//zhenshchinam_uXj/odezhda_Me2/6474069/
Арт. 6474248,https://sadovod24.ru/upload/iblock/c29/cYvw0j4pei_ewwfw4.jpg,600,"['44', '46', '48', '50', '52']",https://sadovod24.ru//zhenshchinam_uXj/odezhda_Me2/6474248/
Арт. 6474247,https://sadovod24.ru/upload/iblock/3e7/ML9vuwylat3n3joc8.jpg,1700,"['60', '62', '64', '66', '68', '70']",https://sadovod24.ru//zhenshchinam_uXj/odezhda_Me2/6474247/
Арт. 6474246,https://sadovod24.ru/upload/iblock/edb/Suu6Yvoluytm_puws.jpg,1900,"['72', '74', '76', '78']",https://sadovod24.ru//zhenshchinam_uXj/odezhda_Me2/6474246/
Арт. 6474245,https://sadovod24.ru/upload/iblock/51e/MlRFtVnf_6ypqrpo8.jpg,1700,"['60', '62', '64', '66', '68', '70']",https://sadovod24.ru//zhenshchinam_uXj/odezhda_Me2/6474245/
Арт. 6474244,https://sadovod24.ru/upload/iblock/87d/GRuGpElegls_zsv_g.jpg,600,"['52', '54', '56', '58', '60', '62', '64', '66', '68', '70']",https://sadovod24.ru//zhenshchinam_uXj/odezhda_Me2/6474244/
Арт. 6474242,https://sadovod24.ru/upload/iblock/9b0/YKdDntui3bzx49euy.jpg,350,"['42', '44', '46', '48']",https://sadovod24.ru//zhenshchinam_uXj/odezhda_Me2/6474242/
Арт. 6474241,https://sadovod24.ru/upload/iblock/320/vBZRc7fsvlzbya57w.jpg,350,"['48', '50', '52', '54', '56', '58']",https://sadovod24.ru//zhenshchinam_uXj/odezhda_Me2/6474241/
Арт. 6474239,https://sadovod24.ru/upload/iblock/fa7/DBUAlJvqlg5l7enui.jpg,750,"['50', '52', '54', '56', '58', '60']",https://sadovod24.ru//zhenshchinam_uXj/odezhda_Me2/6474239/
Арт. 6474236,https://sadovod24.ru/upload/iblock/fd4/FvyZLFtztxula_o5q.jpg,1000,"['56', '58', '60', '62']",https://sadovod24.ru//zhenshchinam_uXj/odezhda_Me2/6474236/
Арт. 6474235,https://sadovod24.ru/upload/iblock/647/DdefV2ikl5huqgf_k.jpg,800,"['52', '54', '56', '58', '60', '62']",https://sadovod24.ru//zhenshchinam_uXj/odezhda_Me2/6474235/
Арт. 6474234,https://sadovod24.ru/upload/iblock/e83/TWpsPbcghiddzxkv8.jpg,1000,"['50', '52', '54', '56', '58', '60']",https://sadovod24.ru//zhenshchinam_uXj/odezhda_Me2/6474234/
Арт. 6474233,https://sadovod24.ru/upload/iblock/82c/0Ner9snfbvp7siq5i.jpg,900,"['52', '54', '56']",https://sadovod24.ru//zhenshchinam_uXj/odezhda_Me2/6474233/
Арт. 6474217,https://sadovod24.ru/upload/iblock/431/DMJWuvi_6dntgt9we.jpg,550,"['54', '56', '58', '60', '62', '64']",https://sadovod24.ru//zhenshchinam_uXj/odezhda_Me2/bryuki_dzhinsy_legginsy_Emm/6474217/
Арт. 6474216,https://sadovod24.ru/upload/iblock/a9b/orBU3qyl_rbu_ea3c.jpg,150,"['50', '52', '54', '56', '58', '60', '62', '64']",https://sadovod24.ru//zhenshchinam_uXj/odezhda_Me2/bryuki_dzhinsy_legginsy_Emm/6474216/
Арт. 6474215,https://sadovod24.ru/upload/iblock/ef2/pI2nAZv8ok4cltkm.jpg,450,"['42', '44', '46', '48']",https://sadovod24.ru//zhenshchinam_uXj/odezhda_Me2/6474215/
Арт. 6474203,https://sadovod24.ru/upload/iblock/4fd/DYNAJOb5klqxuuqxe.jpg,550,"['48', '50', '52', '54', '56', '58']",https://sadovod24.ru//zhenshchinam_uXj/odezhda_Me2/6474203/
Арт. 6474198,https://sadovod24.ru/upload/iblock/746/kJkxH2a5kuq_gpzlc.jpg,800,"['50', '52', '54', '56', '58', '60']",https://sadovod24.ru//zhenshchinam_uXj/odezhda_Me2/6474198/
Арт. 6474197,https://sadovod24.ru/upload/iblock/64c/OGpx0F8qgpc4oqrgg.jpg,700,"['44', '46', '48', '50', '52', '54']",https://sadovod24.ru//zhenshchinam_uXj/odezhda_Me2/6474197/
Арт. 6474196,https://sadovod24.ru/upload/iblock/658/bIMYL0eduerlscqxc.jpg,450,"['46', '48', '50', '52', '54', '56']",https://sadovod24.ru//zhenshchinam_uXj/odezhda_Me2/6474196/
Арт. 6474195,https://sadovod24.ru/upload/iblock/300/pN5UZEz403uzidoka.jpg,600,"['42', '44', '46', '48']",https://sadovod24.ru//zhenshchinam_uXj/odezhda_Me2/6474195/
Арт. 6474194,https://sadovod24.ru/upload/iblock/358/IPNBiizuxttkvw2qg.jpg,900,"['50', '52', '54', '56', '58', '60']",https://sadovod24.ru//zhenshchinam_uXj/odezhda_Me2/6474194/
Арт. 6474186,https://sadovod24.ru/upload/iblock/c8a/2oTa9ay8kewjnmpyk.jpg,400,"['42', '44', '46', '48', '50', '52']",https://sadovod24.ru//zhenshchinam_uXj/odezhda_Me2/6474186/
Арт. 6474185,https://sadovod24.ru/upload/iblock/4aa/XPifuXz8sklqk0lco.jpg,400,[],https://sadovod24.ru//zhenshchinam_uXj/odezhda_Me2/6474185/
Арт. 6474184,https://sadovod24.ru/upload/iblock/7a8/qQKIRYkkwfvzrxpja.jpg,300,"['50', '52', '54', '56']",https://sadovod24.ru//zhenshchinam_uXj/odezhda_Me2/6474184/
Арт. 6474181,https://sadovod24.ru/upload/iblock/ba2/QiTce4vvtnmc_bsba.jpg,400,[],https://sadovod24.ru//zhenshchinam_uXj/odezhda_Me2/nizhnee_bele_kOG/6474181/
Арт. 6474180,https://sadovod24.ru/upload/iblock/487/UCPU120hxcpxptato.jpg,400,"['42', '44', '46', '48']",https://sadovod24.ru//zhenshchinam_uXj/odezhda_Me2/6474180/
Арт. 6474179,https://sadovod24.ru/upload/iblock/ddf/xv6WhHzf34mvo8jr0.jpg,450,"['42', '44', '46', '48']",https://sadovod24.ru//zhenshchinam_uXj/odezhda_Me2/6474179/
Арт. 6474178,https://sadovod24.ru/upload/iblock/7bf/y4eAMfivdmxd_szmo.jpg,700,"['42', '44', '46', '48']",https://sadovod24.ru//zhenshchinam_uXj/odezhda_Me2/6474178/
Арт. 6474177,https://sadovod24.ru/upload/iblock/a19/0tkRg073_6fc5zwhw.jpg,500,[],https://sadovod24.ru//zhenshchinam_uXj/odezhda_Me2/6474177/
Арт. 6474174,https://sadovod24.ru/upload/iblock/fe4/6BJ2W6cmnrqca6kts.jpg,700,"['44', '46', '48', '50']",https://sadovod24.ru//zhenshchinam_uXj/odezhda_Me2/6474174/
Арт. 6474172,https://sadovod24.ru/upload/iblock/4a8/J8KUipppql0_h_mak.jpg,400,"['44', '46', '48', '50', '52', '54']",https://sadovod24.ru//zhenshchinam_uXj/odezhda_Me2/6474172/
Арт. 6474171,https://sadovod24.ru/upload/iblock/dad/OGodQzrmiypuccz3k.jpg,450,"['44', '46', '48', '50', '52', '54']",https://sadovod24.ru//zhenshchinam_uXj/odezhda_Me2/6474171/
Арт. 6474170,https://sadovod24.ru/upload/iblock/12e/Oicy2Xkdsdfvsvn1a.jpg,450,"['46', '48', '50', '52', '54', '56']",https://sadovod24.ru//zhenshchinam_uXj/odezhda_Me2/6474170/
Арт. 6474169,https://sadovod24.ru/upload/iblock/4e1/r2j4iz6ptpmf5i_a4.jpg,600,"['60', '62', '64', '66']",https://sadovod24.ru//zhenshchinam_uXj/odezhda_Me2/6474169/
Арт. 6474168,https://sadovod24.ru/upload/iblock/a15/gtmXuDxthocbizc_4.jpg,450,"['46', '48', '50', '52', '54', '56']",https://sadovod24.ru//zhenshchinam_uXj/odezhda_Me2/6474168/
Арт. 6474167,https://sadovod24.ru/upload/iblock/eff/cXoRO9borpg4cn6eo.jpg,450,"['46', '48', '50', '52', '54', '56']",https://sadovod24.ru//zhenshchinam_uXj/odezhda_Me2/6474167/
Арт. 6474166,https://sadovod24.ru/upload/iblock/3c4/7okCXKgb2gdd_4wb4.jpg,450,"['44', '46', '48', '50', '52', '54']",https://sadovod24.ru//zhenshchinam_uXj/odezhda_Me2/6474166/
Арт. 6474165,https://sadovod24.ru/upload/iblock/c1b/QNIC7Mihnthscbfsa.jpg,100,[],https://sadovod24.ru//zhenshchinam_uXj/odezhda_Me2/6474165/
Арт. 6474164,https://sadovod24.ru/upload/iblock/981/kDLHDFtv_4768xi1i.jpg,650,"['50', '52', '54', '56', '58', '60']",https://sadovod24.ru//zhenshchinam_uXj/odezhda_Me2/6474164/
Арт. 6474163,https://sadovod24.ru/upload/iblock/9ae/Kma5p8f8fpy6zms_y.jpg,700,"['44', '46', '48', '50']",https://sadovod24.ru//zhenshchinam_uXj/odezhda_Me2/6474163/
Арт. 6474162,https://sadovod24.ru/upload/iblock/413/7OQ3tmir4_3chapya.jpg,900,"['52', '54', '56']",https://sadovod24.ru//zhenshchinam_uXj/odezhda_Me2/6474162/
Арт. 6474159,https://sadovod24.ru/upload/iblock/ed3/iNmlq3ri73f8to6aa.jpg,550,"['40', '42', '44', '46', '48', '50', '52', '54', '56']",https://sadovod24.ru//zhenshchinam_uXj/odezhda_Me2/6474159/
Арт. 6474158,https://sadovod24.ru/upload/iblock/993/EXwByxh1yar5ki5mk.jpg,550,"['40', '42', '44', '46', '48', '50', '52', '54']",https://sadovod24.ru//zhenshchinam_uXj/odezhda_Me2/6474158/
Арт. 6474157,https://sadovod24.ru/upload/iblock/dd8/GaMSzagpz36vkyady.jpg,500,[],https://sadovod24.ru//zhenshchinam_uXj/odezhda_Me2/6474157/
Арт. 6474156,https://sadovod24.ru/upload/iblock/1b3/gZYuC0idgc805kubc.jpg,2000,"['42', '44', '46', '48', '36', '38', '40']",https://sadovod24.ru//zhenshchinam_uXj/odezhda_Me2/6474156/
Арт. 6474155,https://sadovod24.ru/upload/iblock/698/xAZpX1beivjk4egtq.jpg,1500,"['42', '44', '46', '48', '36', '38', '40']",https://sadovod24.ru//zhenshchinam_uXj/odezhda_Me2/6474155/
Арт. 6474151,https://sadovod24.ru/upload/iblock/5cd/2ochdSuxtkjk_fnjy.jpg,950,"['48', '50', '52', '54', '56']",https://sadovod24.ru//zhenshchinam_uXj/odezhda_Me2/6474151/
Арт. 6474150,https://sadovod24.ru/upload/iblock/e63/4IliUV5w0kc0wjsoe.jpg,450,[],https://sadovod24.ru//zhenshchinam_uXj/odezhda_Me2/6474150/
Арт. 6474148,https://sadovod24.ru/upload/iblock/685/CVPgqtjxu0drqsp60.jpg,3300,[],https://sadovod24.ru//zhenshchinam_uXj/odezhda_Me2/6474148/
Арт. 6474147,https://sadovod24.ru/upload/iblock/2f1/moI0eNe_hqrwd4kn8.jpg,1400,"['48', '50', '52']",https://sadovod24.ru//zhenshchinam_uXj/odezhda_Me2/6474147/
Арт. 6474131,https://sadovod24.ru/upload/iblock/7f6/22JrBPbay4icn0xi0.jpg,650,"['42', '44', '46', '48']",https://sadovod24.ru//zhenshchinam_uXj/odezhda_Me2/6474131/
Арт. 6474130,https://sadovod24.ru/upload/iblock/bf9/xiJKLfy_hvreubnmw.jpg,1000,[],https://sadovod24.ru//zhenshchinam_uXj/odezhda_Me2/6474130/
Арт. 6474129,https://sadovod24.ru/upload/iblock/eb8/YUHVue1j_3zcfmvha.jpg,2500,[],https://sadovod24.ru//zhenshchinam_uXj/odezhda_Me2/6474129/
Арт. 6474110,https://sadovod24.ru/upload/iblock/c3d/5yNWIfiud_9a5zdgy.jpg,800,"['48', '50', '52', '54', '56', '58', '800']",https://sadovod24.ru//zhenshchinam_uXj/odezhda_Me2/6474110/
Арт. 6474109,https://sadovod24.ru/upload/iblock/f71/sD4Gvg9hrwl8awsrg.jpg,450,"['46', '48', '50', '52', '54', '56']",https://sadovod24.ru//zhenshchinam_uXj/odezhda_Me2/6474109/
Арт. 6474108,https://sadovod24.ru/upload/iblock/16c/Wn8AD2jhulzn3ebzs.jpg,600,"['50', '52', '54', '56', '58', '60']",https://sadovod24.ru//zhenshchinam_uXj/odezhda_Me2/6474108/
Арт. 6474107,https://sadovod24.ru/upload/iblock/527/S7hU0Zo_uaxogfn4y.jpg,900,"['46', '48', '50', '52', '54', '56']",https://sadovod24.ru//zhenshchinam_uXj/odezhda_Me2/6474107/
Арт. 6474101,https://sadovod24.ru/upload/iblock/1c9/Hcvy3u0es1x_6fun8.jpg,1900,"['52', '54', '56', '58', '60']",https://sadovod24.ru//zhenshchinam_uXj/odezhda_Me2/6474101/
Арт. 6474100,https://sadovod24.ru/upload/iblock/2ab/h36vdkm_dja2kmdco.jpg,1700,"['42', '44', '46', '48', '50']",https://sadovod24.ru//zhenshchinam_uXj/odezhda_Me2/6474100/
Арт. 6474099,https://sadovod24.ru/upload/iblock/166/7RgDWisi4rkclj3rw.jpg,1900,"['52', '54', '56', '58', '60']",https://sadovod24.ru//zhenshchinam_uXj/odezhda_Me2/6474099/
